"Date","Account","Description","Check #","Category","Credit","Debit"
"01/02/2026","CHECKING","0102Knoxville TVA Employees  KNOXVILLE    TN","","Uncategorized Expense","","-478.00"
"12/31/2025","CHECKING","STATE FARM RO 27CPC-CLIENT25123111 J 1991793759PPD","","Insurance","","-366.64"
"12/31/2025","CHECKING","University HealtPR PAYMENT2512312000-000017938PPD","","Education","9344.89",""
"12/26/2025","CHECKING","BLUECROSS BLUESHPAYROLL 25122525122668770PPD","","Healthcare - HSA Spending Account/Insurance","3076.50",""
"12/24/2025","CHECKING","CHECK","2484","Uncategorized Expense","","-72.00"
"12/22/2025","CHECKING","VENMO PAYMENT 2512221047074858377WEB","","Uncategorized Expense","","-400.00"
"12/22/2025","CHECKING","Beaver County BeaverCoun251222WEB","","Uncategorized Expense","","-16.98"
"12/22/2025","CHECKING","VENMO PAYMENT 2512221047043244840WEB","","Uncategorized Expense","","-190.00"
"12/19/2025","CHECKING","CITY OF ALCOA BANK DRAFT251219142032002PPD","","Utilities","","-109.00"
"12/17/2025","CHECKING","VENMO PAYMENT 2512171046964392629WEB","","Uncategorized Expense","","-100.00"
"12/17/2025","CHECKING","PLANET FITNESS MIClub Fees251217PR2535003339604PPD","","Personal Care","","-10.00"
"12/17/2025","CHECKING","PLANET FITNESS MIClub Fees251217PR2535002582143PPD","","Healthcare - HSA Spending Account","","-23.06"
"12/15/2025","CHECKING","ALLY ALLY PAYMT251213670921023259WEB","","Transportation/Lease/Loan","","-849.84"
"12/12/2025","CHECKING","BLUECROSS BLUESHPAYROLL 25121225121268770PPD","","Healthcare - HSA Spending Account/Insurance","3076.49",""
"12/11/2025","CHECKING","INSPIRE MERCHIZEIAT PAYPAL2512111046834799092IAT","","Uncategorized Expense","","-119.98"
"12/10/2025","CHECKING","1210Knoxville TVA Employees KNOXVILLE TN","","Uncategorized Expense","","-547.00"
"12/10/2025","CHECKING","CHASE CREDIT CRDEPAY 2512108946768043WEB","","Transfer Between Accounts/Credit Card Payment","","-10000.00"
"12/10/2025","CHECKING","University HealtPR PAYMENT2512102000-000017938PPD","","Education","573.50",""
"12/08/2025","CHECKING","VENMO PAYMENT 2512081046703467973WEB","","Uncategorized Expense","","-190.00"
"12/05/2025","CHECKING","ELECTRICFUND BANK DRAFT251205UM393818PPD","","Utilities/Gas/Electric","","-124.73"
"12/04/2025","CHECKING","1204JP Morgan Chase Bank, N. Phoenix AZ","","Uncategorized Expense","","-2350.04"
"12/03/2025","CHECKING","STATE FARM RO 27CPC-CLIENT25120311 J 1991793759PPD","","Insurance","","-384.04"
"12/03/2025","CHECKING","MTN LAUREL ASSC INS PREM 25120311011278 DANNYPPD","","Insurance","","-133.20"
"12/02/2025","CHECKING","CHECK","2483","Uncategorized Expense","","-100.00"
"12/01/2025","CHECKING","MOBILE DEPOSIT","","Utilities/Phone","106.33",""
"12/01/2025","CHECKING","MOBILE DEPOSIT","","Utilities/Phone","110.04",""
"12/01/2025","CHECKING","MOBILE DEPOSIT","","Utilities/Phone","540.91",""
"12/01/2025","CHECKING","1201Knoxville TVA Employees KNOXVILLE TN","","Uncategorized Expense","","-478.00"
"11/28/2025","CHECKING","University HealtPR PAYMENT2511272000-000017938PPD","","Education","9344.88",""
"11/26/2025","CHECKING","BLUECROSS BLUESHPAYROLL 25112625112668770PPD","","Healthcare - HSA Spending Account/Insurance","3076.51",""
"11/25/2025","CHECKING","CHECK","2482","Uncategorized Expense","","-72.00"
"11/24/2025","CHECKING","WITHDRAWAL FROM ATM 0621 11/24 112 S HALL ROAD0621 112 S HALL","","Financial Services/ATM","","-300.00"
"11/24/2025","CHECKING","VENMO PAYMENT 2511241046352499302WEB","","Uncategorized Expense","","-190.00"
"11/20/2025","CHECKING","CHASE CREDIT CRDEPAY 2511208893830540WEB","","Transfer Between Accounts/Credit Card Payment","","-5000.00"
"11/19/2025","CHECKING","CITY OF ALCOA BANK DRAFT251119142032002PPD","","Utilities","","-166.00"
"11/17/2025","CHECKING","PLANET FITNESS MIClub Fees251117PR2531807337810PPD","","Healthcare - HSA Spending Account","","-10.00"
"11/17/2025","CHECKING","PLANET FITNESS MIClub Fees251117PR2531806746738PPD","","Healthcare - HSA Spending Account","","-23.06"
"11/14/2025","CHECKING","BLUECROSS BLUESHPAYROLL 25111425111468770PPD","","Healthcare - HSA Spending Account/Insurance","3076.49",""
"11/13/2025","CHECKING","ALLY ALLY PAYMT251113670921023259WEB","","Transportation/Lease/Loan","","-849.84"
"11/10/2025","CHECKING","1110Knoxville TVA Employees KNOXVILLE TN","","Uncategorized Expense","","-547.00"
"11/10/2025","CHECKING","VENMO PAYMENT 2511101046039408108WEB","","Uncategorized Expense","","-190.00"
"11/10/2025","CHECKING","University HealtPR PAYMENT2511082000-000017938PPD","","Education","573.50",""
"11/07/2025","CHECKING","VENMO PAYMENT 2511071046012676673WEB","","Uncategorized Expense","","-14.00"
"11/07/2025","CHECKING","ELECTRICFUND BANK DRAFT251107UM393818PPD","","Utilities/Gas/Electric","","-163.09"
"11/04/2025","CHECKING","1104JP Morgan Chase Bank, N. Phoenix AZ","","Uncategorized Expense","","-2350.04"
"11/04/2025","CHECKING","VENMO PAYMENT 2511041045952388310WEB","","Uncategorized Expense","","-70.00"
"11/04/2025","CHECKING","MTN LAUREL ASSC INS PREM 25110411011278 DANNYPPD","","Insurance","","-133.26"
"11/03/2025","CHECKING","1103Knoxville TVA Employees KNOXVILLE TN","","Uncategorized Expense","","-478.00"
"11/03/2025","CHECKING","CHASE CREDIT CRDEPAY 2511038848814900WEB","","Transfer Between Accounts/Credit Card Payment","","-15000.00"
"10/31/2025","CHECKING","University HealtPR PAYMENT2510312000-000017938PPD","","Education","9345.41",""
"10/31/2025","CHECKING","BLUECROSS BLUESHPAYROLL 25103125103168770PPD","","Healthcare - HSA Spending Account/Insurance","3134.58",""
"10/30/2025","CHECKING","STATE FARM RO 27CPC-CLIENT25103011 J 1991793759PPD","","Insurance","","-384.05"
"10/27/2025","CHECKING","VENMO PAYMENT 2510271045725951416WEB","","Uncategorized Expense","","-190.00"
"10/24/2025","CHECKING","CHECK","2481","Uncategorized Expense","","-72.00"
"10/20/2025","CHECKING","CITY OF ALCOA BANK DRAFT251018142032002PPD","","Utilities","","-229.00"
"10/17/2025","CHECKING","VENMO PAYMENT 2510171045553972811WEB","","Uncategorized Expense","","-1209.23"
"10/17/2025","CHECKING","PLANET FITNESS MIClub Fees251017PR2528904843411PPD","","Healthcare - HSA Spending Account","","-10.00"
"10/17/2025","CHECKING","PLANET FITNESS MIClub Fees251017PR2528904233349PPD","","Healthcare - HSA Spending Account","","-10.00"
"10/17/2025","CHECKING","PLANET FITNESS MIClub Fees251017PR2528902786398PPD","","Healthcare - HSA Spending Account","","-23.06"
"10/17/2025","CHECKING","BLUECROSS BLUESHPAYROLL 25101725101768770PPD","","Healthcare - HSA Spending Account/Insurance","3076.50",""
"10/14/2025","CHECKING","ALLY ALLY PAYMT251014670921023259WEB","","Transportation/Lease/Loan","","-849.84"
"10/14/2025","CHECKING","VENMO PAYMENT 2510141045423682944WEB","","Uncategorized Expense","","-190.00"
"10/10/2025","CHECKING","1010Knoxville TVA Employees KNOXVILLE TN","","Uncategorized Expense","","-547.00"
"10/10/2025","CHECKING","VENMO PAYMENT 2510101045403627472WEB","","Uncategorized Expense","","-10.00"
"10/10/2025","CHECKING","University HealtPR PAYMENT2510102000-000017938PPD","","Education","573.50",""
"10/09/2025","CHECKING","ELECTRICFUND BANK DRAFT251009UM393818PPD","","Utilities/Gas/Electric","","-210.39"
"10/08/2025","CHECKING","MOBILE DEPOSIT","","Utilities/Phone","37.34",""
"10/08/2025","CHECKING","MOBILE DEPOSIT","","Utilities/Phone","144.17",""
"10/08/2025","CHECKING","MOBILE DEPOSIT","","Utilities/Phone","360.00",""
"10/08/2025","CHECKING","VENMO PAYMENT 2510081045366031365WEB","","Uncategorized Expense","","-300.00"
"10/06/2025","CHECKING","1006JP Morgan Chase Bank, N. Phoenix AZ","","Uncategorized Expense","","-2350.04"
"10/03/2025","CHECKING","MTN LAUREL ASSC INS PREM 25100311011278 DANNYPPD","","Insurance","","-133.26"
"10/03/2025","CHECKING","BLUECROSS BLUESHPAYROLL 25100325100368770PPD","","Healthcare - HSA Spending Account/Insurance","3076.49",""
"10/01/2025","CHECKING","1001Knoxville TVA Employees KNOXVILLE TN","","Uncategorized Expense","","-478.00"
"10/01/2025","CHECKING","STATE FARM RO 27CPC-CLIENT25100111 J 1991793759PPD","","Insurance","","-380.75"
"09/30/2025","CHECKING","University HealtPR PAYMENT2509302000-000017938PPD","","Education","9345.40",""
"09/29/2025","CHECKING","VENMO PAYMENT 2509291045104901965WEB","","Uncategorized Expense","","-190.00"
"09/19/2025","CHECKING","MISC. DEBIT","","Uncategorized Expense","","-494.00"
"09/19/2025","CHECKING","CHASE CREDIT CRDEPAY 2509198733183514WEB","","Transfer Between Accounts/Credit Card Payment","","-15000.00"
"09/19/2025","CHECKING","CITY OF ALCOA BANK DRAFT250919142032002PPD","","Utilities","","-309.00"
"09/19/2025","CHECKING","BLUECROSS BLUESHPAYROLL 25091925091968770PPD","","Healthcare - HSA Spending Account/Insurance","3076.50",""
"09/17/2025","CHECKING","PLANET FITNESS MIClub Fees250917PR2525907851382PPD","","Personal Care","","-10.00"
"09/17/2025","CHECKING","PLANET FITNESS MIClub Fees250917PR2525906969452PPD","","Personal Care","","-10.00"
"09/17/2025","CHECKING","PLANET FITNESS MIClub Fees250917PR2525906306700PPD","","Personal Care","","-23.06"
"09/15/2025","CHECKING","VENMO PAYMENT 2509151044807730931WEB","","Uncategorized Expense","","-190.00"
"09/15/2025","CHECKING","ALLY ALLY PAYMT250913670921023259WEB","","Transportation/Lease/Loan","","-849.84"
"09/12/2025","CHECKING","CHECK","2480","Uncategorized Expense","","-35.00"
"09/12/2025","CHECKING","MISC. DEBIT","","Uncategorized Expense","","-540.00"
"09/10/2025","CHECKING","0910Knoxville TVA Employees KNOXVILLE TN","","Uncategorized Expense","","-547.00"
"09/10/2025","CHECKING","University HealtPR PAYMENT2509102000-000017938PPD","","Education","573.50",""
"09/09/2025","CHECKING","ELECTRICFUND BANK DRAFT250909UM393818PPD","","Utilities/Gas/Electric","","-260.81"
"09/05/2025","CHECKING","CHASE CREDIT CRDAUTOPAY 250905000000000296895PPD","","Transfer Between Accounts/Credit Card Payment","","-1071.00"
"09/05/2025","CHECKING","VENMO PAYMENT 2509051044632936906WEB","","Uncategorized Expense","","-25.00"
"09/05/2025","CHECKING","BLUECROSS BLUESHPAYROLL 25090525090568770PPD","","Medical","3076.50",""
"09/04/2025","CHECKING","0904JP Morgan Chase Bank, N. Phoenix AZ","","Uncategorized Expense","","-2350.04"
"09/03/2025","CHECKING","MTN LAUREL ASSC INS PREM 25090311011278 DANNYPPD","","Insurance","","-133.26"
"09/02/2025","CHECKING","MOBILE DEPOSIT","","Utilities/Phone","134.00",""
"09/02/2025","CHECKING","0902Knoxville TVA Employees KNOXVILLE TN","","Uncategorized Expense","","-478.00"
"09/02/2025","CHECKING","STATE FARM RO 27CPC-CLIENT25090211 J 1991793759PPD","","Insurance","","-375.91"
"09/02/2025","CHECKING","VENMO PAYMENT 2509021044502311013WEB","","Uncategorized Expense","","-190.00"
"08/29/2025","CHECKING","University HealtPR PAYMENT2508292000-000017938PPD","","Education","8965.40",""
"08/26/2025","CHECKING","CHECK","2479","Uncategorized Expense","","-335.00"
"08/22/2025","CHECKING","BLUECROSS BLUESHPAYROLL 25082225082268770PPD","","Healthcare - HSA Spending Account/Insurance","3076.49",""
"08/21/2025","CHECKING","MISC. DEBIT","","Uncategorized Expense","","-700.00"
"08/19/2025","CHECKING","CITY OF ALCOA BANK DRAFT250819142032002PPD","","Utilities","","-367.00"
"08/18/2025","CHECKING","VENMO PAYMENT 2508181044225604158WEB","","Uncategorized Expense","","-16.00"
"08/18/2025","CHECKING","PLANET FITNESS MIClub Fees250818PR2522707999732PPD","","Personal Care","","-10.00"
"08/18/2025","CHECKING","PLANET FITNESS MIClub Fees250818PR2522707844897PPD","","Personal Care","","-10.00"
"08/18/2025","CHECKING","PLANET FITNESS MIClub Fees250818PR2522707069469PPD","","Healthcare - HSA Spending Account","","-23.06"
"08/18/2025","CHECKING","VENMO PAYMENT 2508181044204391089WEB","","Uncategorized Expense","","-190.00"
"08/13/2025","CHECKING","ALLY ALLY PAYMT250813670921023259WEB","","Transportation/Lease/Loan","","-849.84"
"08/11/2025","CHECKING","0811Knoxville TVA Employees KNOXVILLE TN","","Uncategorized Expense","","-547.00"
"08/08/2025","CHECKING","ELECTRICFUND BANK DRAFT250808UM393818PPD","","Utilities/Gas/Electric","","-330.73"
"08/08/2025","CHECKING","BLUECROSS BLUESHPAYROLL 25080825080868770PPD","","Medical","3076.50",""
"08/06/2025","CHECKING","CHASE CREDIT CRDEPAY 2508068618003940WEB","","Transfer Between Accounts/Credit Card Payment","","-5000.00"
"08/05/2025","CHECKING","CHECK","2477","Uncategorized Expense","","-45.00"
"08/05/2025","CHECKING","MTN LAUREL ASSC INS PREM 25080511011278 DANNYPPD","","Insurance","","-133.26"
"08/04/2025","CHECKING","0804JP Morgan Chase Bank, N. Phoenix AZ","","Uncategorized Expense","","-2350.04"
"08/04/2025","CHECKING","VENMO PAYMENT 2508041043907153452WEB","","Uncategorized Expense","","-190.00"
"08/04/2025","CHECKING","Rocket Money Premium 250804ST-Q1U9W8Y8T4W4CCD","","Insurance","","-6.59"
"08/01/2025","CHECKING","0801Knoxville TVA Employees KNOXVILLE TN","","Uncategorized Expense","","-478.00"
"08/01/2025","CHECKING","WITHDRAWAL FROM ATM 0621 08/01 112 S HALL ROAD0621 112 S HALL","","Financial Services/ATM","","-300.00"
"07/31/2025","CHECKING","University HealtPR PAYMENT2507312000-000017938PPD","","Education","8173.09",""
"07/30/2025","CHECKING","STATE FARM RO 27CPC-CLIENT25073011 J 1991793759PPD","","Insurance","","-387.88"
"07/29/2025","CHECKING","CHECK","2478","Uncategorized Expense","","-182.00"
"07/25/2025","CHECKING","BLUECROSS BLUESHPAYROLL 25072525072568770PPD","","Healthcare - HSA Spending Account/Insurance","3076.50",""
"07/21/2025","CHECKING","VENMO PAYMENT 2507211043599091169WEB","","Uncategorized Expense","","-190.00"
"07/21/2025","CHECKING","CHASE CREDIT CRDEPAY 2507198573678022WEB","","Transfer Between Accounts/Credit Card Payment","","-10000.00"
"07/21/2025","CHECKING","CITY OF ALCOA BANK DRAFT250719142032002PPD","","Utilities","","-279.00"
"07/17/2025","CHECKING","PLANET FITNESS MIClub Fees250717PR2519706377226PPD","","Healthcare - HSA Spending Account","","-10.00"
"07/17/2025","CHECKING","PLANET FITNESS MIClub Fees250717PR2519706314945PPD","","Healthcare - HSA Spending Account","","-10.00"
"07/17/2025","CHECKING","PLANET FITNESS MIClub Fees250717PR2519705859420PPD","","Healthcare - HSA Spending Account","","-23.06"
"07/15/2025","CHECKING","ALLY ALLY PAYMT250715670921023259WEB","","Transportation/Lease/Loan","","-849.84"
"07/11/2025","CHECKING","BLUECROSS BLUESHPAYROLL 25071125071168770PPD","","Medical","3076.49",""
"07/10/2025","CHECKING","0710Knoxville TVA Employees KNOXVILLE TN","","Uncategorized Expense","","-547.00"
"07/09/2025","CHECKING","ELECTRICFUND BANK DRAFT250709UM393818PPD","","Utilities/Gas/Electric","","-176.77"
"07/07/2025","CHECKING","0707JP Morgan Chase Bank, N. Phoenix AZ","","Uncategorized Expense","","-2350.04"
"07/07/2025","CHECKING","CHASE CREDIT CRDAUTOPAY 250707000000000618569PPD","","Transfer Between Accounts/Credit Card Payment","","-990.00"
"07/07/2025","CHECKING","VENMO PAYMENT 2507071043280024732WEB","","Uncategorized Expense","","-190.00"
"07/03/2025","CHECKING","Rocket Money Premium 250703ST-R3O2B9O8M4Z5CCD","","Insurance","","-6.59"
"07/03/2025","CHECKING","MTN LAUREL ASSC INS PREM 25070311011278 DANNYPPD","","Insurance","","-133.26"
"07/02/2025","CHECKING","MOBILE DEPOSIT","","Utilities/Phone","428.03",""
"07/02/2025","CHECKING","STATE FARM RO 27CPC-CLIENT25070211 J 1991793759PPD","","Insurance","","-387.89"
"07/01/2025","CHECKING","0701Knoxville TVA Employees KNOXVILLE TN","","Uncategorized Expense","","-478.00"
"06/30/2025","CHECKING","University HealtPR PAYMENT2506282000-000017938PPD","","Education","9368.08",""
"06/27/2025","CHECKING","BLUECROSS BLUESHPAYROLL 25062725062768770PPD","","Medical","3076.50",""
"06/26/2025","CHECKING","CHECK","2476","Uncategorized Expense","","-260.00"
"06/23/2025","CHECKING","0623Mike Knoxville TN","","Uncategorized Expense","","-60.00"
"06/23/2025","CHECKING","VENMO PAYMENT 2506231042992536062WEB","","Uncategorized Expense","","-190.00"
"06/20/2025","CHECKING","CITY OF ALCOA BANK DRAFT250619142032002PPD","","Utilities","","-245.00"
"06/17/2025","CHECKING","CHECK","2475","Uncategorized Expense","","-186.00"
"06/17/2025","CHECKING","PLANET FITNESS MIClub Fees250617PR2516703774188PPD","","Healthcare - HSA Spending Account","","-10.00"
"06/17/2025","CHECKING","PLANET FITNESS MIClub Fees250617PR2516703289657PPD","","Healthcare - HSA Spending Account","","-10.00"
"06/17/2025","CHECKING","PLANET FITNESS MIClub Fees250617PR2516702573606PPD","","Healthcare - HSA Spending Account","","-23.06"
"06/13/2025","CHECKING","ALLY ALLY PAYMT250613670921023259WEB","","Transportation/Lease/Loan","","-849.84"
"06/13/2025","CHECKING","BLUECROSS BLUESHPAYROLL 25061325061368770PPD","","Healthcare - HSA Spending Account/Insurance","3076.49",""
"06/10/2025","CHECKING","0610Knoxville TVA Employees KNOXVILLE TN","","Uncategorized Expense","","-547.00"
"06/09/2025","CHECKING","VENMO PAYMENT 2506091042701381195WEB","","Uncategorized Expense","","-190.00"
"06/09/2025","CHECKING","ELECTRICFUND BANK DRAFT250607UM393818PPD","","Utilities/Gas/Electric","","-204.63"
"06/04/2025","CHECKING","0604JP Morgan Chase Bank, N. Phoenix AZ","","Uncategorized Expense","","-2350.04"
"06/04/2025","CHECKING","CHASE CREDIT CRDEPAY 2506048456661750WEB","","Transfer Between Accounts/Credit Card Payment","","-5000.00"
"06/03/2025","CHECKING","MTN LAUREL ASSC INS PREM 25060311011278 DANNYPPD","","Insurance","","-133.26"
"06/03/2025","CHECKING","Rocket Money Premium 250603ST-N6H4U3Y7E4O4CCD","","Insurance","","-6.59"
"06/02/2025","CHECKING","0602Knoxville TVA Employees KNOXVILLE TN","","Uncategorized Expense","","-478.00"
"05/30/2025","CHECKING","STATE FARM RO 27CPC-CLIENT25053011 J 1991793759PPD","","Insurance","","-386.97"
"05/30/2025","CHECKING","University HealtPR PAYMENT2505302000-000017938PPD","","Education","9368.09",""
"05/30/2025","CHECKING","BLUECROSS BLUESHPAYROLL 25053025053068770PPD","","Healthcare - HSA Spending Account/Insurance","3134.58",""
"05/27/2025","CHECKING","VENMO PAYMENT 2505271042391290005WEB","","Uncategorized Expense","","-190.00"
"05/22/2025","CHECKING","WITHDRAWAL FROM ATM 0621 05/22 112 S HALL ROAD0621 112 S HALL","","Financial Services/ATM","","-300.00"
"05/20/2025","CHECKING","WITHDRAWAL FROM ATM 0621 05/20 112 S HALL ROAD0621 112 S HALL","","Financial Services/ATM","","-300.00"
"05/19/2025","CHECKING","PLANET FITNESS MIClub Fees250519PR2513604944627PPD","","Healthcare - HSA Spending Account","","-10.00"
"05/19/2025","CHECKING","PLANET FITNESS MIClub Fees250519PR2513604505338PPD","","Healthcare - HSA Spending Account","","-10.00"
"05/19/2025","CHECKING","PLANET FITNESS MIClub Fees250519PR2513603831512PPD","","Healthcare - HSA Spending Account","","-23.06"
"05/19/2025","CHECKING","CITY OF ALCOA BANK DRAFT250517142032002PPD","","Utilities","","-177.00"
"05/16/2025","CHECKING","BLUECROSS BLUESHPAYROLL 25051625051668770PPD","","Healthcare - HSA Spending Account/Insurance","3076.50",""
"05/13/2025","CHECKING","ALLY ALLY PAYMT250513670921023259WEB","","Transportation/Lease/Loan","","-849.84"
"05/12/2025","CHECKING","0512Knoxville TVA Employees KNOXVILLE TN","","Uncategorized Expense","","-547.00"
"05/12/2025","CHECKING","VENMO PAYMENT 2505121042094668275WEB","","Uncategorized Expense","","-190.00"
"05/09/2025","CHECKING","MISC. DEBIT","","Uncategorized Expense","","-30.00"
"05/09/2025","CHECKING","ELECTRICFUND BANK DRAFT250509UM393818PPD","","Utilities/Gas/Electric","","-182.12"
"05/08/2025","CHECKING","WITHDRAWAL FROM ATM 0903 05/08 1002 E LAMAR AL0903 1002 E LAMA","","Financial Services/ATM","","-300.00"
"05/06/2025","CHECKING","VENMO PAYMENT 2505061042012920696WEB","","Uncategorized Expense","","-500.00"
"05/05/2025","CHECKING","0505JP Morgan Chase Bank, N. Phoenix AZ","","Uncategorized Expense","","-2350.04"
"05/05/2025","CHECKING","Rocket Money Premium 250505ST-A3I5W2F4K2F3CCD","","Insurance","","-6.59"
"05/05/2025","CHECKING","CHASE CREDIT CRDEPAY 2505058378837760WEB","","Transfer Between Accounts/Credit Card Payment","","-13000.00"
"05/05/2025","CHECKING","MTN LAUREL ASSC INS PREM 25050311011278 DANNYPPD","","Insurance","","-133.26"
"05/02/2025","CHECKING","BLUECROSS BLUESHPAYROLL 25050225050268770PPD","","Healthcare - HSA Spending Account/Insurance","3076.49",""
"05/01/2025","CHECKING","0501Knoxville TVA Employees KNOXVILLE TN","","Uncategorized Expense","","-478.00"
"04/30/2025","CHECKING","STATE FARM RO 27CPC-CLIENT25043011 J 1991793759PPD","","Insurance","","-387.00"
"04/30/2025","CHECKING","University HealtPR PAYMENT2504302000-000017938PPD","","Education","9368.08",""
"04/28/2025","CHECKING","VENMO PAYMENT 2504281041778379274WEB","","Uncategorized Expense","","-190.00"
"04/21/2025","CHECKING","CITY OF ALCOA BANK DRAFT250419142032002PPD","","Utilities","","-94.00"
"04/18/2025","CHECKING","BLUECROSS BLUESHPAYROLL 25041825041868770PPD","","Medical","3076.51",""
"04/17/2025","CHECKING","PLANET FIT CLUB FEES 2504172510603652756PPD","","Personal Care","","-10.00"
"04/17/2025","CHECKING","PLANET FIT CLUB FEES 2504172510603652091PPD","","Personal Care","","-10.00"
"04/17/2025","CHECKING","PLANET FIT CLUB FEES 2504172510603642651PPD","","Personal Care","","-23.06"
"04/16/2025","CHECKING","PAYPAL INST XFER 250416POSHMARKWEB","","Clothing","","-22.25"
"04/15/2025","CHECKING","ALLY ALLY PAYMT250415670921023259WEB","","Transportation/Lease/Loan","","-849.84"
"04/14/2025","CHECKING","CHASE CREDIT CRDEPAY 2504148327208789WEB","","Transfer Between Accounts/Credit Card Payment","","-3000.00"
"04/14/2025","CHECKING","VENMO PAYMENT 2504141041488507948WEB","","Uncategorized Expense","","-190.00"
"04/14/2025","CHECKING","PAYMENT 9100 04/12 NETFLIX.COM0000 NETFLIX.COM","","Entertainment","","-27.36"
"04/11/2025","CHECKING","CHECK","2474","Uncategorized Expense","","-72.00"
"04/10/2025","CHECKING","0410Knoxville TVA Employees KNOXVILLE TN","","Uncategorized Expense","","-547.00"
"04/09/2025","CHECKING","ELECTRICFUND BANK DRAFT250409UM393818PPD","","Utilities/Gas/Electric","","-108.85"
"04/04/2025","CHECKING","0404JP Morgan Chase Bank, N. Phoenix AZ","","Uncategorized Expense","","-2350.04"
"04/04/2025","CHECKING","BLUECROSS BLUESHPAYROLL 25040425040468770PPD","","Healthcare - HSA Spending Account/Insurance","3076.50",""
"04/03/2025","CHECKING","Rocket Money Premium 250403ST-M6I7V7M2B3R5CCD","","Insurance","","-6.59"
"04/03/2025","CHECKING","CHASE CREDIT CRDEPAY 2504038299567688WEB","","Transfer Between Accounts/Credit Card Payment","","-2700.00"
"04/03/2025","CHECKING","MTN LAUREL ASSC INS PREM 25040311011278 DANNYPPD","","Insurance","","-133.26"
"04/02/2025","CHECKING","IRS TREAS 310 TAX REF 250402XXXXXXXXXXXXXXXPPD","","Income","2791.00",""
"04/01/2025","CHECKING","0401Knoxville TVA Employees KNOXVILLE TN","","Uncategorized Expense","","-478.00"
"04/01/2025","CHECKING","PLANET FIT CLUB FEES 2504012509001755816PPD","","Personal Care","","-39.00"
"04/01/2025","CHECKING","PLANET FIT CLUB FEES 2504012509001755766PPD","","Personal Care","","-39.00"
"04/01/2025","CHECKING","STATE FARM RO 27CPC-CLIENT25040111 J 1991793759PPD","","Insurance","","-386.92"
"03/31/2025","CHECKING","0328VZWRLSS*APOCC 800-922-0204 FL************7304","","Utilities/Phone","","-278.68"
"03/31/2025","CHECKING","CHASE CREDIT CRDEPAY 2503318288042452WEB","","Transfer Between Accounts/Credit Card Payment","","-11000.00"
"03/31/2025","CHECKING","VENMO PAYMENT 2503311041183133163WEB","","Uncategorized Expense","","-190.00"
"03/31/2025","CHECKING","University HealtPR PAYMENT2503292000-000017938PPD","","Education","9368.08",""
"03/26/2025","CHECKING","MOBILE DEPOSIT","","Utilities/Phone","299.00",""
"03/24/2025","CHECKING","0322ATMOS ENERGY 888-286-6700 TX************7304","","Utilities/Gas/Electric","","-79.60"
"03/24/2025","CHECKING","0322APPLE.COM/BILL 866-712-7753 CA************7304","","Entertainment","","-2.99"
"03/24/2025","CHECKING","0322EMF&K-LOVE 800-525-5683 CA************7304","","Contributions","","-15.00"
"03/21/2025","CHECKING","BLUECROSS BLUESHPAYROLL 25032125032168770PPD","","Healthcare - HSA Spending Account/Insurance","3015.06",""
"03/19/2025","CHECKING","CITY OF ALCOA BANK DRAFT250319142032002PPD","","Utilities","","-122.00"
"03/17/2025","CHECKING","0316APPLE.COM/BILL 866-712-7753 CA************7304","","Entertainment","","-2.99"
"03/17/2025","CHECKING","0316SXM*SIRIUSXM.C 888-635-5144 NY************7304","","Entertainment","","-27.42"
"03/17/2025","CHECKING","0314ATT*BILL PAYME 800-288-2020 TX************7304","","Utilities/TV","","-117.68"
"03/17/2025","CHECKING","PLANET FIT CLUB FEES 2503172507304118809PPD","","Personal Care","","-10.00"
"03/17/2025","CHECKING","PLANET FIT CLUB FEES 2503172507304118142PPD","","Personal Care","","-10.00"
"03/17/2025","CHECKING","PLANET FIT CLUB FEES 2503172507304108126PPD","","Personal Care","","-23.06"
"03/17/2025","CHECKING","VENMO PAYMENT 2503171040885410140WEB","","Uncategorized Expense","","-190.00"
"03/13/2025","CHECKING","ALLY ALLY PAYMT250313670921023259WEB","","Transportation/Lease/Loan","","-849.84"
"03/12/2025","CHECKING","PAYMENT 9100 03/12 NETFLIX.COM0000 NETFLIX.COM","","Entertainment","","-27.36"
"03/11/2025","CHECKING","ELECTRICFUND BANK DRAFT250311UM393818PPD","","Utilities/Gas/Electric","","-130.83"
"03/10/2025","CHECKING","0310Knoxville TVA Employees KNOXVILLE TN","","Uncategorized Expense","","-547.00"
"03/10/2025","CHECKING","CHASE CREDIT CRDEPAY 2503108238669112WEB","","Transfer Between Accounts/Credit Card Payment","","-15000.00"
"03/07/2025","CHECKING","BLUECROSS BLUESHPAYROLL 25030725030768770PPD","","Healthcare - HSA Spending Account/Insurance","9541.57",""
"03/05/2025","CHECKING","0305JP Morgan Chase Bank, N. Phoenix AZ","","Uncategorized Expense","","-2333.06"
"03/04/2025","CHECKING","CHECK","2473","Uncategorized Expense","","-385.00"
"03/04/2025","CHECKING","0303Google YouTube 650-2530000 CA************7304","","Entertainment","","-90.87"
"03/04/2025","CHECKING","STATE FARM RO 27CPC-CLIENT25030411 J 1991793759PPD","","Insurance","","-386.90"
"03/04/2025","CHECKING","MTN LAUREL ASSC INS PREM 25030411011278 DANNYPPD","","Insurance","","-133.26"
"03/03/2025","CHECKING","CHECK","2472","Uncategorized Expense","","-220.00"
"03/03/2025","CHECKING","0228VZWRLSS*APOCC 800-922-0204 FL************7304","","Utilities/Phone","","-281.62"
"03/03/2025","CHECKING","0227APPLE.COM/BILL 866-712-7753 CA************7304","","Entertainment","","-40.33"
"03/03/2025","CHECKING","0303Knoxville TVA Employees KNOXVILLE TN","","Uncategorized Expense","","-478.00"
"03/03/2025","CHECKING","EG AVENUE MARKETIAT PAYPAL2503031040623682832IAT","","Food/Groceries","","-91.16"
"03/03/2025","CHECKING","Rocket Money Premium 250303ST-R6G0S0X7Y2U3CCD","","Insurance","","-6.59"
"03/03/2025","CHECKING","PLANET FIT CLUB FEES 2503032505902479862PPD","","Personal Care","","-39.00"
"03/03/2025","CHECKING","VENMO PAYMENT 2503031040578183168WEB","","Uncategorized Expense","","-190.00"
"02/28/2025","CHECKING","PAYMENT 9100 02/28 ONE APPLE PARK001 ONE APPLE P","","Uncategorized Expense","","-3.28"
"02/28/2025","CHECKING","University HealtPR PAYMENT2502282000-000017938PPD","","Education","9368.08",""
"02/27/2025","CHECKING","0227Synchrony Bank Orlando FL","","Financial Services","","-134.00"
"02/24/2025","CHECKING","0222APPLE.COM/BILL 866-712-7753 CA************7304","","Entertainment","","-2.99"
"02/24/2025","CHECKING","0222EMF&K-LOVE 800-525-5683 CA************7304","","Contributions","","-15.00"
"02/21/2025","CHECKING","BLUECROSS BLUESHPAYROLL 25022125022168770PPD","","Healthcare - HSA Spending Account/Insurance","2997.46",""
"02/20/2025","CHECKING","0219DROPBOX*FJ9PCL DROPBOX.COM CA************7304","","Utilities/Internet","","-987.75"
"02/20/2025","CHECKING","0219ATMOS ENERGY 888-286-6700 TX************7304","","Utilities/Gas/Electric","","-85.22"
"02/19/2025","CHECKING","CHECK","2471","Uncategorized Expense","","-72.00"
"02/19/2025","CHECKING","CITY OF ALCOA BANK DRAFT250219142032002PPD","","Utilities","","-116.00"
"02/18/2025","CHECKING","0216APPLE.COM/BILL 866-712-7753 CA************7304","","Entertainment","","-2.99"
"02/18/2025","CHECKING","0216SXM*SIRIUSXM.C 888-635-5144 NY************7304","","Entertainment","","-25.29"
"02/18/2025","CHECKING","0215SUPERNATURAL GETSUPERNATURCA************7304","","Entertainment","","-10.96"
"02/18/2025","CHECKING","CHASE CREDIT CRDEPAY 2502188181630716WEB","","Transfer Between Accounts/Credit Card Payment","","-2000.00"
"02/18/2025","CHECKING","PLANET FIT CLUB FEES 2502182504506350102PPD","","Personal Care","","-10.00"
"02/18/2025","CHECKING","PLANET FIT CLUB FEES 2502182504506349445PPD","","Personal Care","","-10.00"
"02/18/2025","CHECKING","PLANET FIT CLUB FEES 2502182504506339850PPD","","Personal Care","","-23.06"
"02/18/2025","CHECKING","VENMO PAYMENT 2502181040285028595WEB","","Uncategorized Expense","","-190.00"
"02/13/2025","CHECKING","ALLY ALLY PAYMT250213670921023259WEB","","Transportation/Lease/Loan","","-849.84"
"02/12/2025","CHECKING","PAYMENT 9100 02/12 NETFLIX.COM0000 NETFLIX.COM","","Entertainment","","-25.17"
"02/11/2025","CHECKING","0210ATT*BILL PAYME 800-288-2020 TX************7304","","Utilities/TV","","-117.68"
"02/10/2025","CHECKING","0210Knoxville TVA Employees KNOXVILLE TN","","Uncategorized Expense","","-547.00"
"02/10/2025","CHECKING","Synchrony Bank CC PYMT 250210650172360661417WEB","","Financial Services","","-1757.00"
"02/10/2025","CHECKING","ELECTRICFUND BANK DRAFT250208UM393818PPD","","Utilities/Gas/Electric","","-125.96"
"02/07/2025","CHECKING","BLUECROSS BLUESHPAYROLL 25020725020768770PPD","","Healthcare - HSA Spending Account/Insurance","2997.48",""
"02/05/2025","CHECKING","0205JP Morgan Chase Bank, N. Phoenix AZ","","Uncategorized Expense","","-2333.06"
"02/05/2025","CHECKING","CHASE CREDIT CRDAUTOPAY 250205000000000279305PPD","","Transfer Between Accounts/Credit Card Payment","","-170.00"
"02/04/2025","CHECKING","CHECK","2470","Uncategorized Expense","","-425.00"
"02/04/2025","CHECKING","0203Google YouTube 650-2530000 CA************7304","","Entertainment","","-90.87"
"02/04/2025","CHECKING","MTN LAUREL ASSC INS PREM 25020411011278 DANNYPPD","","Insurance","","-133.26"
"02/03/2025","CHECKING","0203Knoxville TVA Employees KNOXVILLE TN","","Uncategorized Expense","","-478.00"
"02/03/2025","CHECKING","VENMO PAYMENT 2502031039977213428WEB","","Uncategorized Expense","","-190.00"
"01/31/2025","CHECKING","VENMO PAYMENT 2501311039966292850WEB","","Uncategorized Expense","","-87.00"
"01/31/2025","CHECKING","University HealtPR PAYMENT2501312000-000017938PPD","","Education","9368.09",""
"01/30/2025","CHECKING","0128APPLE.COM/BILL 866-712-7753 CA************7304","","Entertainment","","-40.33"
"01/30/2025","CHECKING","STATE FARM RO 27CPC-CLIENT25013011 J 1991793759PPD","","Insurance","","-385.62"
"01/28/2025","CHECKING","0128VZWRLSS*APOCC 800-922-0204 FL************7304","","Utilities/Phone","","-278.68"
"01/27/2025","CHECKING","0127Synchrony Bank Orlando FL","","Financial Services","","-134.00"
"01/27/2025","CHECKING","VENMO PAYMENT 2501271039883300600WEB","","Uncategorized Expense","","-60.00"
"01/27/2025","CHECKING","HEALTHEQUITY INCHealthEqui250127394124PPD","","Healthcare - HSA Spending Account","1400.00",""
"01/24/2025","CHECKING","BLUECROSS BLUESHPAYROLL 25012425012468770PPD","","Healthcare - HSA Spending Account/Insurance","2998.81",""
"01/23/2025","CHECKING","0122APPLE.COM/BILL 866-712-7753 CA************7304","","Entertainment","","-2.99"
"01/23/2025","CHECKING","0122EMF&K-LOVE 800-525-5683 CA************7304","","Contributions","","-15.00"
"01/22/2025","CHECKING","0121ATMOS ENERGY 888-286-6700 TX************7304","","Utilities/Gas/Electric","","-111.63"
"01/21/2025","CHECKING","MOBILE DEPOSIT","","Utilities/Phone","1105.62",""
"01/21/2025","CHECKING","VENMO PAYMENT 2501211039730291840WEB","","Uncategorized Expense","","-20.00"
"01/21/2025","CHECKING","VENMO PAYMENT 2501211039687831078WEB","","Uncategorized Expense","","-190.00"
"01/21/2025","CHECKING","PAYMENT 9100 01/18 ONE APPLE PARK001 ONE APPLE P","","Uncategorized Expense","","-5.48"
"01/21/2025","CHECKING","CITY OF ALCOA BANK DRAFT250118142032002PPD","","Utilities","","-117.00"
"01/17/2025","CHECKING","CHECK","2468","Uncategorized Expense","","-1428.00"
"01/17/2025","CHECKING","0116APPLE.COM/BILL 866-712-7753 CA************7304","","Entertainment","","-2.99"
"01/17/2025","CHECKING","0116SXM*SIRIUSXM.C 888-635-5144 NY************7304","","Entertainment","","-25.29"
"01/17/2025","CHECKING","PLANET FIT CLUB FEES 2501172501603259853PPD","","Personal Care","","-10.00"
"01/17/2025","CHECKING","PLANET FIT CLUB FEES 2501172501603259201PPD","","Personal Care","","-10.00"
"01/17/2025","CHECKING","PLANET FIT CLUB FEES 2501172501603250151PPD","","Personal Care","","-23.06"
"01/16/2025","CHECKING","0115SUPERNATURAL GETSUPERNATURCA************7304","","Entertainment","","-10.96"
"01/14/2025","CHECKING","ALLY ALLY PAYMT250114670921023259WEB","","Transportation/Lease/Loan","","-849.84"
"01/13/2025","CHECKING","0110ATT*BILL PAYME 800-288-2020 TX************7304","","Utilities/TV","","-117.68"
"01/13/2025","CHECKING","URBANOLUSE PTE. IAT PAYPAL2501131039581785826IAT","","Uncategorized Expense","","-43.67"
"01/13/2025","CHECKING","PAYMENT 9100 01/12 NETFLIX.COM0000 NETFLIX.COM","","Entertainment","","-25.17"
"01/10/2025","CHECKING","CHECK","2469","Uncategorized Expense","","-72.00"
"01/10/2025","CHECKING","0110Knoxville TVA Employees KNOXVILLE TN","","Uncategorized Expense","","-547.00"
"01/10/2025","CHECKING","PAYMENT 9100 01/10 ONE APPLE PARK001 ONE APPLE P","","Uncategorized Expense","","-3.28"
"01/10/2025","CHECKING","BLUECROSS BLUESHPAYROLL 25011025011068770PPD","","Medical","2998.83",""
"01/08/2025","CHECKING","FOREIGN ATM WITHDRAWAL FEEX","","Financial Services/ATM","","-3.00"
"01/08/2025","CHECKING","WITHDRAW CENTURY CG 9100 01/08 777 N MAIN STCPSU 777 N MAIN","","Uncategorized Expense","","-405.00"
"01/07/2025","CHECKING","VENMO PAYMENT 2501071039443680103WEB","","Uncategorized Expense","","-25.00"
"01/06/2025","CHECKING","0105APPLE.COM/BILL 866-712-7753 CA************7304","","Entertainment","","-6.57"
"01/06/2025","CHECKING","0103GOOGLE*YOUTUBE G.CO/HELPPAY#CA************7304","","Entertainment","","-79.92"
"01/06/2025","CHECKING","0106JP Morgan Chase Bank, N. Phoenix AZ","","Uncategorized Expense","","-2333.06"
"01/06/2025","CHECKING","VENMO PAYMENT 2501061039388707621WEB","","Uncategorized Expense","","-190.00"
"01/06/2025","CHECKING","ELECTRICFUND BANK DRAFT250104UM393818PPD","","Utilities/Gas/Electric","","-108.56"
"01/03/2025","CHECKING","0101APPLE.COM/BILL 866-712-7753 CA************7304","","Entertainment","","-3.28"
"01/03/2025","CHECKING","Beaver County BeaverCoun250103WEB","","Uncategorized Expense","","-17.30"
"01/03/2025","CHECKING","MTN LAUREL ASSC INS PREM 25010311011278 DANNYPPD","","Insurance","","-133.20"
"01/02/2025","CHECKING","REVERSE FOREIGN ATM SERVICE CHARGEX","","Financial Services/Fees","3.00",""
"01/02/2025","CHECKING","FOREIGN ATM WITHDRAWAL FEEX","","Financial Services/ATM","","-3.00"
"01/02/2025","CHECKING","MOBILE DEPOSIT","","Utilities/Phone","76.10",""
"01/02/2025","CHECKING","0102Knoxville TVA Employees KNOXVILLE TN","","Uncategorized Expense","","-478.00"
"01/02/2025","CHECKING","WITHDRAW CENTURY CG 9100 01/02 777 N MAIN STCPSU 777 N MAIN","","Uncategorized Expense","","-405.00"
"01/02/2025","CHECKING","CHASE CREDIT CRDEPAY 2501028070872305WEB","","Transfer Between Accounts/Credit Card Payment","","-5500.00"
"01/02/2025","CHECKING","PAYPAL INST XFER 250102GAMINGFUNDSWEB","","Uncategorized Expense","","-100.00"
"01/02/2025","CHECKING","STATE FARM RO 27CPC-CLIENT25010111 J 1991793759PPD","","Insurance","","-385.65"
"12/31/2024","CHECKING","University HealtPR PAYMENT2412312000-000017938PPD","","Education","9301.62",""
"12/30/2024","CHECKING","1228APPLE.COM/BILL 866-712-7753 CA************7304","","Entertainment","","-40.33"
"12/30/2024","CHECKING","1228VZWRLSS*APOCC 800-922-0204 FL************7304","","Utilities/Phone","","-295.47"
"12/30/2024","CHECKING","1227DNH*GODADDY#34 480-5058855 AZ************7304","","Miscellaneous","","-44.34"
"12/27/2024","CHECKING","1227Synchrony Bank Orlando FL","","Financial Services","","-134.00"
"12/27/2024","CHECKING","BLUECROSS BLUESHPAYROLL 24122724122768770PPD","","Healthcare - HSA Spending Account/Insurance","2980.24",""
"12/26/2024","CHECKING","VENMO PAYMENT 2412261039195303878WEB","","Uncategorized Expense","","-480.00"
"12/23/2024","CHECKING","1222APPLE.COM/BILL 866-712-7753 CA************7304","","Entertainment","","-2.99"
"12/23/2024","CHECKING","1222EMF&K-LOVE 800-525-5683 CA************7304","","Contributions","","-15.00"
"12/23/2024","CHECKING","VENMO PAYMENT 2412231039096288364WEB","","Uncategorized Expense","","-190.00"
"12/19/2024","CHECKING","1218ATMOS ENERGY 888-286-6700 TX************7304","","Utilities/Gas/Electric","","-77.52"
"12/19/2024","CHECKING","CITY OF ALCOA BANK DRAFT241219142032002PPD","","Utilities","","-116.00"
"12/18/2024","CHECKING","CHASE CREDIT CRDEPAY 2412188035773917WEB","","Transfer Between Accounts/Credit Card Payment","","-8000.00"
"12/17/2024","CHECKING","1216APPLE.COM/BILL 866-712-7753 CA************7304","","Entertainment","","-2.99"
"12/17/2024","CHECKING","1216SXM*SIRIUSXM.C 888-635-5144 NY************7304","","Entertainment","","-25.29"
"12/17/2024","CHECKING","PLANET FIT CLUB FEES 2412172435109008934PPD","","Personal Care","","-10.00"
"12/17/2024","CHECKING","PLANET FIT CLUB FEES 2412172435109008742PPD","","Personal Care","","-10.00"
"12/16/2024","CHECKING","1215SUPERNATURAL GETSUPERNATURCA************7304","","Entertainment","","-10.96"
"12/16/2024","CHECKING","CITI CARD ONLINEPAYMENT 241216431565240081470WEB","","Transfer Between Accounts/Credit Card Payment","","-130.73"
"12/13/2024","CHECKING","1211ATT*BILL PAYME 800-288-2020 TX************7304","","Utilities/TV","","-117.68"
"12/13/2024","CHECKING","ALLY ALLY PAYMT241213670921023259WEB","","Transportation/Lease/Loan","","-849.84"
"12/13/2024","CHECKING","BLUECROSS BLUESHPAYROLL 24121324121368770PPD","","Healthcare - HSA Spending Account/Insurance","2980.24",""
"12/12/2024","CHECKING","CHECK","2467","Uncategorized Expense","","-64.00"
"12/12/2024","CHECKING","PAYMENT 9100 12/12 NETFLIX COM001 NETFLIX COM","","Entertainment","","-25.17"
"12/10/2024","CHECKING","1210Knoxville TVA Employees KNOXVILLE TN","","Uncategorized Expense","","-547.00"
"12/09/2024","CHECKING","VENMO PAYMENT 2412091038763258907WEB","","Uncategorized Expense","","-190.00"
"12/06/2024","CHECKING","ELECTRICFUND BANK DRAFT241206UM393818PPD","","Utilities/Gas/Electric","","-107.37"
"12/05/2024","CHECKING","1203GOOGLE*YOUTUBE G.CO/HELPPAY#CA************7304","","Entertainment","","-79.92"
"12/05/2024","CHECKING","1205JP Morgan Chase Bank, N. Phoenix AZ","","Uncategorized Expense","","-2333.06"
"12/05/2024","CHECKING","CHASE CREDIT CRDAUTOPAY 241205000000000272622PPD","","Transfer Between Accounts/Credit Card Payment","","-535.00"
"12/04/2024","CHECKING","STATE FARM RO 27CPC-CLIENT24120411 J 1991793759PPD","","Insurance","","-394.08"
"12/03/2024","CHECKING","MTN LAUREL ASSC INS PREM 24120311011278 DANNYPPD","","Insurance","","-116.93"
"12/02/2024","CHECKING","1129APPLE.COM/BILL 866-712-7753 CA************7304","","Entertainment","","-14.25"
"12/02/2024","CHECKING","1128APPLE.COM/BILL 866-712-7753 CA************7304","","Entertainment","","-40.33"
"12/02/2024","CHECKING","1202Knoxville TVA Employees KNOXVILLE TN","","Uncategorized Expense","","-478.00"
"11/29/2024","CHECKING","1128VZWRLSS*APOCC 800-922-0204 FL************7304","","Utilities/Phone","","-286.68"
"11/29/2024","CHECKING","University HealtPR PAYMENT2411282000-000017938PPD","","Education","9301.63",""
"11/27/2024","CHECKING","1127Synchrony Bank Orlando FL","","Financial Services","","-134.00"
"11/27/2024","CHECKING","BLUECROSS BLUESHPAYROLL 24112724112768770PPD","","Healthcare - HSA Spending Account/Insurance","3037.03",""
"11/25/2024","CHECKING","1122APPLE.COM/BILL 866-712-7753 CA************7304","","Entertainment","","-2.99"
"11/25/2024","CHECKING","1122EMF&K-LOVE 800-525-5683 CA************7304","","Contributions","","-15.00"
"11/25/2024","CHECKING","1121APPLE.COM/BILL 866-712-7753 CA************7304","","Entertainment","","-10.96"
"11/22/2024","CHECKING","VENMO PAYMENT 2411221038398207285WEB","","Uncategorized Expense","","-190.00"
"11/20/2024","CHECKING","1119ATMOS ENERGY 888-286-6700 TX************7304","","Utilities/Gas/Electric","","-34.78"
"11/19/2024","CHECKING","CITY OF ALCOA BANK DRAFT241119142032002PPD","","Utilities","","-147.00"
"11/18/2024","CHECKING","1116SXM*SIRIUSXM.C 888-635-5144 NY************7304","","Entertainment","","-25.29"
"11/18/2024","CHECKING","1115SUPERNATURAL HTTPSGETSUPERCA************7304","","Entertainment","","-10.96"
"11/18/2024","CHECKING","PLANET FIT CLUB FEES 2411182432007496038PPD","","Personal Care","","-10.00"
"11/18/2024","CHECKING","PLANET FIT CLUB FEES 2411182432007495416PPD","","Personal Care","","-10.00"
"11/18/2024","CHECKING","PLANET FIT CLUB FEES 2411182432007484665PPD","","Personal Care","","-23.06"
"11/18/2024","CHECKING","PAYMENT 9100 11/16 ONE APPLE PARK001 ONE APPLE P","","Uncategorized Expense","","-2.99"
"11/15/2024","CHECKING","BLUECROSS BLUESHPAYROLL 24111524111568770PPD","","Healthcare - HSA Spending Account/Insurance","2980.23",""
"11/13/2024","CHECKING","MOBILE DEPOSIT","","Utilities/Phone","299.00",""
"11/13/2024","CHECKING","ALLY ALLY PAYMT241113670921023259WEB","","Transportation/Lease/Loan","","-849.84"
"11/12/2024","CHECKING","1111ATT*BILL PAYME 800-288-2020 TX************7304","","Utilities/TV","","-112.68"
"11/12/2024","CHECKING","1111DNH*GODADDY#34 480-5058855 AZ************7304","","Miscellaneous","","-335.76"
"11/12/2024","CHECKING","1107APPLE.COM/BILL 866-712-7753 CA************7304","","Entertainment","","-3.28"
"11/12/2024","CHECKING","1112Knoxville TVA Employees KNOXVILLE TN","","Uncategorized Expense","","-547.00"
"11/12/2024","CHECKING","PAYMENT 9100 11/12 NETFLIX COM001 NETFLIX COM","","Entertainment","","-25.17"
"11/08/2024","CHECKING","VENMO PAYMENT 2411081038090713685WEB","","Uncategorized Expense","","-190.00"
"11/08/2024","CHECKING","ELECTRICFUND BANK DRAFT241108UM393818PPD","","Utilities/Gas/Electric","","-143.26"
"11/05/2024","CHECKING","1105JP Morgan Chase Bank, N. Phoenix AZ","","Uncategorized Expense","","-2333.06"
"11/05/2024","CHECKING","MTN LAUREL ASSC INS PREM 24110511011278 DANNYPPD","","Insurance","","-116.92"
"11/04/2024","CHECKING","1103GOOGLE *YouTub g.co/helppay#CA************7304","","Entertainment","","-79.92"
"11/04/2024","CHECKING","CHASE CREDIT CRDEPAY 2411047925501435WEB","","Transfer Between Accounts/Credit Card Payment","","-35000.00"
"11/04/2024","CHECKING","ONLINE TRANSFER FROM CHECKING XXXXXXXXXXXX4255","","Transfer Between Accounts","3000.00",""
"11/01/2024","CHECKING","1101Knoxville TVA Employees KNOXVILLE TN","","Uncategorized Expense","","-478.00"
"11/01/2024","CHECKING","BLUECROSS BLUESHPAYROLL 24110124110168770PPD","","Healthcare - HSA Spending Account/Insurance","2980.24",""
"10/31/2024","CHECKING","University HealtPR PAYMENT2410312000-000017938PPD","","Education","9301.62",""
"10/30/2024","CHECKING","STATE FARM RO 27CPC-CLIENT24103011 J 1991793759PPD","","Insurance","","-392.97"
"10/29/2024","CHECKING","1028VZWRLSS*APOCC 800-922-0204 FL************7304","","Utilities/Phone","","-280.50"
"10/29/2024","CHECKING","PAYMENT 9100 10/28 ONE APPLE PARK001 ONE APPLE P","","Uncategorized Expense","","-40.33"
"10/28/2024","CHECKING","1028Synchrony Bank Orlando FL","","Financial Services","","-134.00"
"10/24/2024","CHECKING","1022EMF&K-LOVE 800-525-5683 CA************7304","","Contributions","","-15.00"
"10/22/2024","CHECKING","1020APPLE.COM/BILL 866-712-7753 CA************7304","","Entertainment","","-7.66"
"10/22/2024","CHECKING","PAYMENT 9100 10/22 ONE APPLE PARK001 ONE APPLE P","","Uncategorized Expense","","-2.99"
"10/21/2024","CHECKING","1020ATMOS ENERGY 888-286-6700 TX************7304","","Utilities/Gas/Electric","","-27.36"
"10/21/2024","CHECKING","CITY OF ALCOA BANK DRAFT241019142032002PPD","","Utilities","","-370.00"
"10/18/2024","CHECKING","1016APPLE.COM/BILL 866-712-7753 CA************7304","","Entertainment","","-2.99"
"10/18/2024","CHECKING","BLUECROSS BLUESHPAYROLL 24101824101868770PPD","","Medical","2980.25",""
"10/17/2024","CHECKING","1016SXM*SIRIUSXM.C 888-635-5144 NY************7304","","Entertainment","","-25.29"
"10/17/2024","CHECKING","PLANET FIT CLUB FEES 2410172429007987989PPD","","Personal Care","","-10.00"
"10/17/2024","CHECKING","PLANET FIT CLUB FEES 2410172429007987291PPD","","Personal Care","","-10.00"
"10/17/2024","CHECKING","PLANET FIT CLUB FEES 2410172429007976300PPD","","Personal Care","","-23.06"
"10/16/2024","CHECKING","1015SUPERNATURAL HTTPSGETSUPERCA************7304","","Entertainment","","-10.96"
"10/16/2024","CHECKING","1013ATT*BILL PAYME 800-288-2020 TX************7304","","Utilities/TV","","-112.68"
"10/15/2024","CHECKING","1012GOOGLE *Google 855-836-3987 CA************7304","","Entertainment","","-21.94"
"10/15/2024","CHECKING","PAYPAL INST XFER 241015DEALDASHWEB","","Uncategorized Expense","","-30.80"
"10/15/2024","CHECKING","ALLY ALLY PAYMT241015670921023259WEB","","Transportation/Lease/Loan","","-849.84"
"10/15/2024","CHECKING","PAYMENT 9100 10/15 ONE APPLE PARK001 ONE APPLE P","","Uncategorized Expense","","-5.46"
"10/15/2024","CHECKING","PAYMENT 9100 10/12 NETFLIX.COM0000 NETFLIX.COM","","Entertainment","","-25.17"
"10/10/2024","CHECKING","1010Knoxville TVA Employees KNOXVILLE TN","","Uncategorized Expense","","-547.00"
"10/09/2024","CHECKING","ELECTRICFUND BANK DRAFT241009UM393818PPD","","Utilities/Gas/Electric","","-356.86"
"10/07/2024","CHECKING","1007JP Morgan Chase Bank, N. Phoenix AZ","","Uncategorized Expense","","-2333.06"
"10/04/2024","CHECKING","1003GOOGLE *YouTub g.co/helppay#CA************7304","","Entertainment","","-79.92"
"10/04/2024","CHECKING","BLUECROSS BLUESHPAYROLL 24100424100468770PPD","","Medical","2980.24",""
"10/03/2024","CHECKING","MTN LAUREL ASSC INS PREM 24100311011278 DANNYPPD","","Insurance","","-116.92"
"10/02/2024","CHECKING","STATE FARM RO 27CPC-CLIENT24100211 J 1991793759PPD","","Insurance","","-398.96"
"10/01/2024","CHECKING","1001Knoxville TVA Employees KNOXVILLE TN","","Uncategorized Expense","","-478.00"
"09/30/2024","CHECKING","CHECK","2466","Uncategorized Expense","","-190.00"
"09/30/2024","CHECKING","0928APPLE.COM/BILL 866-712-7753 CA************7304","","Entertainment","","-40.33"
"09/30/2024","CHECKING","0928VZWRLSS*APOCC 800-922-0204 FL************7304","","Utilities/Phone","","-270.98"
"09/30/2024","CHECKING","University HealtPR PAYMENT2409282000-000017938PPD","","Education","9301.63",""
"09/27/2024","CHECKING","0927Synchrony Bank Orlando FL","","Financial Services","","-134.00"
"09/26/2024","CHECKING","CHECK","2465","Uncategorized Expense","","-1195.02"
"09/24/2024","CHECKING","0922APPLE.COM/BILL 866-712-7753 CA************7304","","Entertainment","","-2.99"
"09/23/2024","CHECKING","0922EMF&K-LOVE 800-525-5683 CA************7304","","Contributions","","-15.00"
"09/23/2024","CHECKING","0921ATMOS ENERGY 888-286-6700 TX************7304","","Utilities/Gas/Electric","","-24.63"
"09/23/2024","CHECKING","VENMO PAYMENT 2409231037104370709WEB","","Uncategorized Expense","","-524.25"
"09/23/2024","CHECKING","PAYPAL INST XFER 240923FRGTEAMFANSWEB","","Uncategorized Expense","","-165.85"
"09/20/2024","CHECKING","BLUECROSS BLUESHPAYROLL 24092024092068770PPD","","Healthcare - HSA Spending Account/Insurance","2980.24",""
"09/19/2024","CHECKING","CITY OF ALCOA BANK DRAFT240919142032002PPD","","Utilities","","-327.00"
"09/18/2024","CHECKING","CHASE CREDIT CRDEPAY 2409187815612651WEB","","Transfer Between Accounts/Credit Card Payment","","-7000.00"
"09/17/2024","CHECKING","0916SXM*SIRIUSXM.C 888-635-5144 NY************7304","","Entertainment","","-25.29"
"09/17/2024","CHECKING","PLANET FIT CLUB FEES 2409172426007756649PPD","","Personal Care","","-10.00"
"09/17/2024","CHECKING","PLANET FIT CLUB FEES 2409172426007756043PPD","","Personal Care","","-10.00"
"09/17/2024","CHECKING","PLANET FIT CLUB FEES 2409172426007744302PPD","","Personal Care","","-23.06"
"09/16/2024","CHECKING","CHECK-CASHED","2464","Uncategorized Expense","","-575.00"
"09/16/2024","CHECKING","0915SUPERNATURAL HTTPSGETSUPERCA************7304","","Entertainment","","-10.96"
"09/16/2024","CHECKING","MOBILE DEPOSIT","","Utilities/Phone","5392.80",""
"09/16/2024","CHECKING","PAYMENT 9100 09/16 ONE APPLE PARK001 ONE APPLE P","","Uncategorized Expense","","-2.99"
"09/13/2024","CHECKING","ALLY ALLY PAYMT240913670921023259WEB","","Transportation/Lease/Loan","","-849.84"
"09/12/2024","CHECKING","0911ATT*BILL PAYME 800-288-2020 TX************7304","","Utilities/TV","","-112.68"
"09/12/2024","CHECKING","PAYMENT 9100 09/12 NETFLIX COM001 NETFLIX COM","","Entertainment","","-25.17"
"09/11/2024","CHECKING","CHECK","2463","Uncategorized Expense","","-48.00"
"09/10/2024","CHECKING","0910Knoxville TVA Employees KNOXVILLE TN","","Uncategorized Expense","","-547.00"
"09/10/2024","CHECKING","ELECTRICFUND BANK DRAFT240910UM393818PPD","","Utilities/Gas/Electric","","-354.07"
"09/06/2024","CHECKING","BLUECROSS BLUESHPAYROLL 24090624090668770PPD","","Medical","2980.24",""
"09/05/2024","CHECKING","0905JP Morgan Chase Bank, N. Phoenix AZ","","Uncategorized Expense","","-2333.06"
"09/04/2024","CHECKING","CHECK","2461","Uncategorized Expense","","-25.00"
"09/04/2024","CHECKING","0903GOOGLE *YouTub g.co/helppay#CA************7304","","Entertainment","","-79.92"
"09/04/2024","CHECKING","MTN LAUREL ASSC INS PREM 24090411011278 DANNYPPD","","Insurance","","-116.92"
"09/03/2024","CHECKING","0903Knoxville TVA Employees KNOXVILLE TN","","Uncategorized Expense","","-478.00"
"09/03/2024","CHECKING","PAYPAL INST XFER 240903SHOPHELPWEB","","Uncategorized Expense","","-124.75"
"09/03/2024","CHECKING","PAYPAL INST XFER 240903BJS RSTRNTSWEB","","Uncategorized Expense","","-55.40"
"08/30/2024","CHECKING","STATE FARM RO 27CPC-CLIENT24083011 J 1991793759PPD","","Insurance","","-402.34"
"08/30/2024","CHECKING","University HealtPR PAYMENT2408302000-000017938PPD","","Education","9301.62",""
"08/29/2024","CHECKING","0828VZWRLSS*APOCC 800-922-0204 FL************7304","","Utilities/Phone","","-262.16"
"08/29/2024","CHECKING","PAYMENT 9100 08/28 ONE APPLE PARK001 ONE APPLE P","","Uncategorized Expense","","-40.33"
"08/28/2024","CHECKING","WITHDRAWAL FROM ATM 0621 08/28 112 S HALL ROAD0621 112 S HALL","","Financial Services/ATM","","-200.00"
"08/27/2024","CHECKING","CHECK","2462","Uncategorized Expense","","-202.00"
"08/27/2024","CHECKING","0827Synchrony Bank Orlando FL","","Financial Services","","-134.00"
"08/26/2024","CHECKING","0824APPLE.COM/BILL 866-712-7753 CA************7304","","Entertainment","","-4.38"
"08/26/2024","CHECKING","0822EMF&K-LOVE 800-525-5683 CA************7304","","Contributions","","-15.00"
"08/23/2024","CHECKING","0822APPLE.COM/BILL 866-712-7753 CA************7304","","Entertainment","","-2.99"
"08/23/2024","CHECKING","BLUECROSS BLUESHPAYROLL 24082324082368770PPD","","Healthcare - HSA Spending Account/Insurance","2980.25",""
"08/22/2024","CHECKING","VENMO PAYMENT 2408221036427828169WEB","","Uncategorized Expense","","-150.00"
"08/21/2024","CHECKING","0820ATMOS ENERGY 888-286-6700 TX************7304","","Utilities/Gas/Electric","","-24.63"
"08/21/2024","CHECKING","MOBILE DEPOSIT","","Utilities/Phone","415.51",""
"08/19/2024","CHECKING","0816APPLE.COM/BILL 866-712-7753 CA************7304","","Entertainment","","-2.99"
"08/19/2024","CHECKING","0816SXM*SIRIUSXM.C 888-635-5144 NY************7304","","Entertainment","","-25.29"
"08/19/2024","CHECKING","PLANET FIT CLUB FEES 2408192422909508641PPD","","Personal Care","","-10.00"
"08/19/2024","CHECKING","PLANET FIT CLUB FEES 2408192422909508021PPD","","Personal Care","","-10.00"
"08/19/2024","CHECKING","PLANET FIT CLUB FEES 2408192422909496963PPD","","Personal Care","","-23.06"
"08/19/2024","CHECKING","CITY OF ALCOA BANK DRAFT240817142032002PPD","","Utilities","","-372.00"
"08/16/2024","CHECKING","0815SUPERNATURAL HTTPSGETSUPERCA************7304","","Entertainment","","-10.96"
"08/16/2024","CHECKING","CHASE CREDIT CRDEPAY 2408167739099190WEB","","Transfer Between Accounts/Credit Card Payment","","-10000.00"
"08/13/2024","CHECKING","ALLY ALLY PAYMT240813670921023259WEB","","Transportation/Lease/Loan","","-849.84"
"08/12/2024","CHECKING","0810ATT*BILL PAYME 800-288-2020 TX************7304","","Utilities/TV","","-112.68"
"08/12/2024","CHECKING","0810APPLE.COM/BILL 866-712-7753 CA************7304","","Entertainment","","-65.84"
"08/12/2024","CHECKING","0812Knoxville TVA Employees KNOXVILLE TN","","Uncategorized Expense","","-547.00"
"08/12/2024","CHECKING","PAYMENT 9100 08/12 NETFLIX COM001 NETFLIX COM","","Entertainment","","-25.17"
"08/09/2024","CHECKING","ELECTRICFUND BANK DRAFT240809UM393818PPD","","Utilities/Gas/Electric","","-341.90"
"08/09/2024","CHECKING","BLUECROSS BLUESHPAYROLL 24080924080968770PPD","","Medical","2649.16",""
"08/05/2024","CHECKING","0803GOOGLE *YouTub g.co/helppay#CA************7304","","Entertainment","","-79.92"
"08/05/2024","CHECKING","0805JP Morgan Chase Bank, N. Phoenix AZ","","Uncategorized Expense","","-2333.06"
"08/05/2024","CHECKING","MTN LAUREL ASSC INS PREM 24080311011278 DANNYPPD","","Insurance","","-116.92"
"08/01/2024","CHECKING","0801Knoxville TVA Employees KNOXVILLE TN","","Uncategorized Expense","","-478.00"
"07/31/2024","CHECKING","STATE FARM RO 27CPC-CLIENT24073111 J 1991793759PPD","","Insurance","","-401.28"
"07/31/2024","CHECKING","University HealtPR PAYMENT2407312000-000017938PPD","","Education","9302.08",""
"07/30/2024","CHECKING","0728APPLE.COM/BILL 866-712-7753 CA************7304","","Entertainment","","-40.33"
"07/29/2024","CHECKING","0728VZWRLSS*APOCC 800-922-0204 FL************7304","","Utilities/Phone","","-396.86"
"07/29/2024","CHECKING","0729Synchrony Bank Orlando FL","","Financial Services","","-134.00"
"07/26/2024","CHECKING","BLUECROSS BLUESHPAYROLL 24072624072668770PPD","","Healthcare - HSA Spending Account/Insurance","2648.32",""
"07/24/2024","CHECKING","0722EMF&K-LOVE 800-525-5683 CA************7304","","Contributions","","-15.00"
"07/23/2024","CHECKING","0722APPLE.COM/BILL 866-712-7753 CA************7304","","Entertainment","","-2.99"
"07/22/2024","CHECKING","0721ATMOS ENERGY 888-286-6700 TX************7304","","Utilities/Gas/Electric","","-24.63"
"07/19/2024","CHECKING","0716APPLE.COM/BILL 866-712-7753 CA************7304","","Entertainment","","-2.99"
"07/19/2024","CHECKING","CITY OF ALCOA BANK DRAFT240719142032002PPD","","Utilities","","-288.00"
"07/18/2024","CHECKING","CHECK","2460","Uncategorized Expense","","-300.00"
"07/18/2024","CHECKING","0717APPLE.COM/BILL 800-275-2273 CA************7304","","Entertainment","","-21.88"
"07/17/2024","CHECKING","0716SXM*SIRIUSXM.C 888-635-5144 NY************7304","","Entertainment","","-25.29"
"07/17/2024","CHECKING","PLANET FIT CLUB FEES 2407172419810024255PPD","","Personal Care","","-10.00"
"07/17/2024","CHECKING","PLANET FIT CLUB FEES 2407172419810023554PPD","","Personal Care","","-10.00"
"07/17/2024","CHECKING","PLANET FIT CLUB FEES 2407172419810014576PPD","","Personal Care","","-23.06"
"07/16/2024","CHECKING","0715SUPERNATURAL HTTPSGETSUPERCA************7304","","Entertainment","","-10.96"
"07/16/2024","CHECKING","PAYPAL INST XFER 240716MARINEPARTSWEB","","Housing","","-119.81"
"07/15/2024","CHECKING","0712ATT*BILL PAYME 800-288-2020 TX************7304","","Utilities/TV","","-112.68"
"07/15/2024","CHECKING","TRANSFER FROM X*XXXX FUNDRAISING","","Transfer Between Accounts","300.00",""
"07/15/2024","CHECKING","CHASE CREDIT CRDEPAY 2407157660372002WEB","","Transfer Between Accounts/Credit Card Payment","","-10000.00"
"07/15/2024","CHECKING","LOANDEPOT MSP ACH 2407151046254429PPD","","Miscellaneous","","-2333.06"
"07/15/2024","CHECKING","ALLY ALLY PAYMT240715670921023259WEB","","Transportation/Lease/Loan","","-849.84"
"07/12/2024","CHECKING","PAYMENT 9100 07/12 NETFLIX COM001 NETFLIX COM","","Entertainment","","-25.17"
"07/12/2024","CHECKING","BLUECROSS BLUESHPAYROLL 24071224071268770PPD","","Healthcare - HSA Spending Account/Insurance","2648.32",""
"07/10/2024","CHECKING","0710Knoxville TVA Employees KNOXVILLE TN","","Uncategorized Expense","","-547.00"
"07/10/2024","CHECKING","PAYMENT 9100 07/10 ONE APPLE PARK001 ONE APPLE P","","Uncategorized Expense","","-3.28"
"07/09/2024","CHECKING","ELECTRICFUND BANK DRAFT240709UM393818PPD","","Utilities/Gas/Electric","","-192.78"
"07/08/2024","CHECKING","CHASE CREDIT CRDAUTOPAY 240706000000000266712PPD","","Transfer Between Accounts/Credit Card Payment","","-669.00"
"07/05/2024","CHECKING","0703GOOGLE *YouTub g.co/helppay#CA************7304","","Entertainment","","-79.92"
"07/03/2024","CHECKING","MTN LAUREL ASSC INS PREM 24070311011278 DANNYPPD","","Insurance","","-116.92"
"07/02/2024","CHECKING","STATE FARM RO 27CPC-CLIENT24070211 J 1991793759PPD","","Insurance","","-401.31"
"07/01/2024","CHECKING","CHECK","2459","Uncategorized Expense","","-190.00"
"07/01/2024","CHECKING","0628APPLE.COM/BILL 866-712-7753 CA************7304","","Entertainment","","-40.33"
"07/01/2024","CHECKING","0628VZWRLSS*APOCC 800-922-0204 FL************7304","","Utilities/Phone","","-286.55"
"07/01/2024","CHECKING","0701Knoxville TVA Employees KNOXVILLE TN","","Uncategorized Expense","","-478.00"
"07/01/2024","CHECKING","ONLINE TRANSFER FROM CHECKING XXXXXXXXXXXX9965","","Transfer Between Accounts","1342.00",""
"06/28/2024","CHECKING","MOBILE DEPOSIT","","Utilities/Phone","80.57",""
"06/28/2024","CHECKING","University HealtPR PAYMENT2406282000-000017938PPD","","Education","8958.49",""
"06/28/2024","CHECKING","BLUECROSS BLUESHPAYROLL 24062824062868770PPD","","Medical","2648.32",""
"06/27/2024","CHECKING","0627Synchrony Bank Orlando FL","","Financial Services","","-134.00"
"06/25/2024","CHECKING","CHECK","2458","Uncategorized Expense","","-350.00"
"06/24/2024","CHECKING","0623Audible*RC8N75 Amzn.com/billNJ************7304","","Shopping","","-16.37"
"06/24/2024","CHECKING","0622ATMOS ENERGY 888-286-6700 TX************7304","","Utilities/Gas/Electric","","-24.63"
"06/24/2024","CHECKING","0622EMF&K-LOVE 800-525-5683 CA************7304","","Contributions","","-15.00"
"06/24/2024","CHECKING","PAYMENT 9100 06/22 ONE APPLE PARK001 ONE APPLE P","","Uncategorized Expense","","-2.99"
"06/20/2024","CHECKING","CITY OF ALCOA BANK DRAFT240620142032002PPD","","Utilities","","-187.00"
"06/18/2024","CHECKING","0616APPLE.COM/BILL 866-712-7753 CA************7304","","Entertainment","","-2.99"
"06/17/2024","CHECKING","0616SXM*SIRIUSXM.C 888-635-5144 NY************7304","","Entertainment","","-25.29"
"06/17/2024","CHECKING","0615SUPERNATURAL HTTPSGETSUPERCA************7304","","Entertainment","","-10.96"
"06/17/2024","CHECKING","PLANET FIT CLUB FEES 2406172416612586616PPD","","Personal Care","","-10.00"
"06/17/2024","CHECKING","PLANET FIT CLUB FEES 2406172416612586452PPD","","Personal Care","","-10.00"
"06/17/2024","CHECKING","PLANET FIT CLUB FEES 2406172416612583993PPD","","Personal Care","","-23.06"
"06/17/2024","CHECKING","LOANDEPOT MSP ACH 2406151046254429PPD","","Miscellaneous","","-2333.06"
"06/14/2024","CHECKING","BLUECROSS BLUESHPAYROLL 24061424061468770PPD","","Healthcare - HSA Spending Account/Insurance","2648.31",""
"06/13/2024","CHECKING","ALLY ALLY PAYMT240613670921023259WEB","","Transportation/Lease/Loan","","-849.84"
"06/13/2024","CHECKING","VENMO PAYMENT 2406131034993359085WEB","","Uncategorized Expense","","-150.00"
"06/12/2024","CHECKING","0611ATT*BILL PAYME 800-288-2020 TX************7304","","Utilities/TV","","-112.68"
"06/12/2024","CHECKING","PAYMENT 9100 06/12 NETFLIX COM001 NETFLIX COM","","Entertainment","","-25.17"
"06/10/2024","CHECKING","0610Knoxville TVA Employees KNOXVILLE TN","","Uncategorized Expense","","-547.00"
"06/10/2024","CHECKING","ELECTRICFUND BANK DRAFT240608UM393818PPD","","Utilities/Gas/Electric","","-283.42"
"06/07/2024","CHECKING","CHECK","2457","Uncategorized Expense","","-4000.00"
"06/07/2024","CHECKING","0607Mike Knoxville TN","","Uncategorized Expense","","-120.00"
"06/06/2024","CHECKING","0605APPLE.COM/BILL 866-712-7753 CA************7304","","Entertainment","","-5.48"
"06/05/2024","CHECKING","CHASE CREDIT CRDEPAY 2406057567613308WEB","","Transfer Between Accounts/Credit Card Payment","","-11000.00"
"06/04/2024","CHECKING","0603GOOGLE *YouTub g.co/helppay#CA************7304","","Entertainment","","-79.92"
"06/04/2024","CHECKING","MTN LAUREL ASSC INS PREM 24060411011278 DANNYPPD","","Insurance","","-116.92"
"06/03/2024","CHECKING","0603Knoxville TVA Employees KNOXVILLE TN","","Uncategorized Expense","","-478.00"
"06/03/2024","CHECKING","PAYPAL INST XFER 240603SC CORNHOLEWEB","","Uncategorized Expense","","-39.96"
"05/31/2024","CHECKING","TRANSFER FROM X*XXXX TO COVER VB HOUSING","","Transfer Between Accounts","4000.00",""
"05/31/2024","CHECKING","STATE FARM RO 27CPC-CLIENT24053111 J 1991793759PPD","","Insurance","","-384.23"
"05/31/2024","CHECKING","University HealtPR PAYMENT2405312000-000017938PPD","","Education","3832.83",""
"05/31/2024","CHECKING","University HealtPR PAYMENT2405312000-000017938PPD","","Education","8958.49",""
"05/31/2024","CHECKING","BLUECROSS BLUESHPAYROLL 24053124053168770PPD","","Healthcare - HSA Spending Account/Insurance","2705.10",""
"05/30/2024","CHECKING","0528APPLE.COM/BILL 866-712-7753 CA************7304","","Entertainment","","-40.32"
"05/29/2024","CHECKING","CHECK","2456","Uncategorized Expense","","-64.00"
"05/29/2024","CHECKING","0528VZWRLSS*APOCC 800-922-0204 FL************7304","","Utilities/Phone","","-252.27"
"05/28/2024","CHECKING","0528Synchrony Bank Orlando FL","","Financial Services","","-134.00"
"05/28/2024","CHECKING","ONLINE TRANSFER TO CHECKING XXXXXXXXXXXX9965","","Transfer Between Accounts","","-90.00"
"05/24/2024","CHECKING","0523Audible*GJ3UJ3 Amzn.com/billNJ************7304","","Shopping","","-16.37"
"05/24/2024","CHECKING","0522EMF&K-LOVE 800-525-5683 CA************7304","","Contributions","","-15.00"
"05/24/2024","CHECKING","ONLINE TRANSFER TO CHECKING XXXXXXXXXXXX9965","","Transfer Between Accounts","","-200.00"
"05/23/2024","CHECKING","0522APPLE.COM/BILL 866-712-7753 CA************7304","","Entertainment","","-2.99"
"05/22/2024","CHECKING","0521APPLE.COM/BILL 866-712-7753 CA************7304","","Entertainment","","-32.90"
"05/21/2024","CHECKING","0520ATMOS ENERGY 888-286-6700 TX************7304","","Utilities/Gas/Electric","","-21.53"
"05/21/2024","CHECKING","VENMO PAYMENT 2405211034520253978WEB","","Uncategorized Expense","","-150.00"
"05/20/2024","CHECKING","CITY OF ALCOA BANK DRAFT240518142032002PPD","","Utilities","","-105.00"
"05/17/2024","CHECKING","0516APPLE.COM/BILL 866-712-7753 CA************7304","","Entertainment","","-2.99"
"05/17/2024","CHECKING","0516SXM*SIRIUSXM.C 888-635-5144 NY************7304","","Entertainment","","-25.29"
"05/17/2024","CHECKING","PLANET FIT CLUB FEES 2405172413703278328PPD","","Personal Care","","-10.00"
"05/17/2024","CHECKING","PLANET FIT CLUB FEES 2405172413703277211PPD","","Personal Care","","-10.00"
"05/17/2024","CHECKING","PLANET FIT CLUB FEES 2405172413703260202PPD","","Personal Care","","-23.06"
"05/17/2024","CHECKING","BLUECROSS BLUESHPAYROLL 24051724051768770PPD","","Healthcare - HSA Spending Account/Insurance","2648.31",""
"05/16/2024","CHECKING","0515SUPERNATURAL HTTPSGETSUPERCA************7304","","Entertainment","","-10.96"
"05/15/2024","CHECKING","0513APPLE.COM/BILL 866-712-7753 CA************7304","","Entertainment","","-5.48"
"05/15/2024","CHECKING","LOANDEPOT MSP ACH 2405151046254429PPD","","Miscellaneous","","-2323.19"
"05/14/2024","CHECKING","ALLY ALLY PAYMT240514670921023259WEB","","Transportation/Lease/Loan","","-849.84"
"05/13/2024","CHECKING","0512ATT*BILL PAYME 800-288-2020 TX************7304","","Utilities/TV","","-112.68"
"05/13/2024","CHECKING","PAYMENT 9100 05/12 NETFLIX COM001 NETFLIX COM","","Entertainment","","-25.17"
"05/10/2024","CHECKING","0510Knoxville TVA Employees KNOXVILLE TN","","Uncategorized Expense","","-547.00"
"05/09/2024","CHECKING","ELECTRICFUND BANK DRAFT240509UM393818PPD","","Utilities/Gas/Electric","","-94.22"
"05/06/2024","CHECKING","CHECK","2455","Uncategorized Expense","","-655.48"
"05/06/2024","CHECKING","CHECK","2454","Uncategorized Expense","","-945.21"
"05/06/2024","CHECKING","0503GOOGLE *YouTub g.co/helppay#CA************7304","","Entertainment","","-79.92"
"05/03/2024","CHECKING","MTN LAUREL ASSC INS PREM 24050311011278 DANNYPPD","","Insurance","","-116.92"
"05/03/2024","CHECKING","BLUECROSS BLUESHPAYROLL 24050324050368770PPD","","Medical","2648.33",""
"05/01/2024","CHECKING","0429APPLE.COM/BILL 866-712-7753 CA************7304","","Entertainment","","-18.63"
"05/01/2024","CHECKING","0501Knoxville TVA Employees KNOXVILLE TN","","Uncategorized Expense","","-478.00"
"05/01/2024","CHECKING","STATE FARM RO 27CPC-CLIENT24050111 J 1991793759PPD","","Insurance","","-384.27"
"04/30/2024","CHECKING","0428APPLE.COM/BILL 866-712-7753 CA************7304","","Entertainment","","-40.32"
"04/30/2024","CHECKING","University HealtPR PAYMENT2404302000-000017938PPD","","Education","8963.50",""
"04/29/2024","CHECKING","0428VZWRLSS*APOCC 800-922-0204 FL************7304","","Utilities/Phone","","-255.73"
"04/29/2024","CHECKING","0429Synchrony Bank Orlando FL","","Financial Services","","-134.00"
"04/29/2024","CHECKING","Synchrony Bank CC PYMT 240429650172360661417WEB","","Financial Services","","-3037.36"
"04/26/2024","CHECKING","CHECK","2453","Uncategorized Expense","","-64.00"
"04/26/2024","CHECKING","VENMO PAYMENT 2404261033990401425WEB","","Uncategorized Expense","","-150.00"
"04/24/2024","CHECKING","0422EMF&K-LOVE 800-525-5683 CA************7304","","Contributions","","-15.00"
"04/23/2024","CHECKING","0422APPLE.COM/BILL 866-712-7753 CA************7304","","Entertainment","","-2.99"
"04/23/2024","CHECKING","MISC. DEBIT","","Uncategorized Expense","","-60.00"
"04/22/2024","CHECKING","0420ATMOS ENERGY 888-286-6700 TX************7304","","Utilities/Gas/Electric","","-39.52"
"04/22/2024","CHECKING","0420APPLE.COM/BILL 866-712-7753 CA************7304","","Entertainment","","-2.18"
"04/22/2024","CHECKING","TRANSFER TO X********9965","","Transfer Between Accounts","","-489.00"
"04/19/2024","CHECKING","CITY OF ALCOA BANK DRAFT240419142032002PPD","","Utilities","","-113.00"
"04/19/2024","CHECKING","BLUECROSS BLUESHPAYROLL 24041924041968770PPD","","Healthcare - HSA Spending Account/Insurance","2648.32",""
"04/18/2024","CHECKING","CHASE CREDIT CRDEPAY 2404187455334525WEB","","Transfer Between Accounts/Credit Card Payment","","-25000.00"
"04/17/2024","CHECKING","0416SXM*SIRIUSXM.C 888-635-5144 NY************7304","","Entertainment","","-25.29"
"04/17/2024","CHECKING","PLANET FIT CLUB FEES 2404172410713638206PPD","","Personal Care","","-10.00"
"04/17/2024","CHECKING","PLANET FIT CLUB FEES 2404172410713616978PPD","","Personal Care","","-23.06"
"04/17/2024","CHECKING","PLANET FIT CLUB FEES 2404172410713513876PPD","","Personal Care","","-10.00"
"04/16/2024","CHECKING","0415SUPERNATURAL HTTPSGETSUPERCA************7304","","Entertainment","","-10.96"
"04/16/2024","CHECKING","PAYMENT 9100 04/16 ONE APPLE PARK001 ONE APPLE P","","Uncategorized Expense","","-2.99"
"04/16/2024","CHECKING","PAYPAL INST XFER 2404161UP USAWEB","","Uncategorized Expense","","-41.72"
"04/15/2024","CHECKING","LOANDEPOT MSP ACH 2404151046254429PPD","","Miscellaneous","","-2323.19"
"04/15/2024","CHECKING","ALLY ALLY PAYMT240415670921023259WEB","","Transportation/Lease/Loan","","-849.84"
"04/12/2024","CHECKING","0411ATT*BILL PAYME 800-288-2020 TX************7304","","Utilities/TV","","-112.68"
"04/12/2024","CHECKING","0411APPLE.COM/BILL 866-712-7753 CA************7304","","Entertainment","","-10.96"
"04/12/2024","CHECKING","PAYMENT 9100 04/12 NETFLIX COM001 NETFLIX COM","","Entertainment","","-25.17"
"04/10/2024","CHECKING","0410Knoxville TVA Employees KNOXVILLE TN","","Uncategorized Expense","","-547.00"
"04/09/2024","CHECKING","0408APPLE.COM/BILL 866-712-7753 CA************7304","","Entertainment","","-10.96"
"04/09/2024","CHECKING","ELECTRICFUND BANK DRAFT240409UM393818PPD","","Utilities/Gas/Electric","","-100.20"
"04/05/2024","CHECKING","CHASE CREDIT CRDAUTOPAY 240405000000000254242PPD","","Transfer Between Accounts/Credit Card Payment","","-779.00"
"04/05/2024","CHECKING","AMEX EPAYMENT ACH PMT 240405W4686WEB","","Transfer Between Accounts/Credit Card Payment","","-1071.14"
"04/05/2024","CHECKING","BLUECROSS BLUESHPAYROLL 24040524040568770PPD","","Healthcare - HSA Spending Account/Insurance","2667.82",""
"04/04/2024","CHECKING","0403GOOGLE *YouTub g.co/helppay#CA************7304","","Entertainment","","-79.92"
"04/04/2024","CHECKING","0403APPLE.COM/BILL 866-712-7753 CA************7304","","Entertainment","","-10.96"
"04/03/2024","CHECKING","MTN LAUREL ASSC INS PREM 24040311011278 DANNYPPD","","Insurance","","-116.92"
"04/03/2024","CHECKING","IRS TREAS 310 TAX REF 240403XXXXXXXXXXXXXXXPPD","","Income","3033.00",""
"04/01/2024","CHECKING","0401Knoxville TVA Employees KNOXVILLE TN","","Uncategorized Expense","","-478.00"
"04/01/2024","CHECKING","STATE FARM RO 27CPC-CLIENT24040111 J 1991793759PPD","","Insurance","","-373.71"
"04/01/2024","CHECKING","PLANET FIT CLUB FEES 2404012408902284123PPD","","Personal Care","","-39.00"
"04/01/2024","CHECKING","PLANET FIT CLUB FEES 2404012408902283909PPD","","Personal Care","","-39.00"
"03/29/2024","CHECKING","0328VZWRLSS*APOCC 800-922-0204 FL************7304","","Utilities/Phone","","-257.45"
"03/29/2024","CHECKING","University HealtPR PAYMENT2403292000-000017938PPD","","Education","8963.49",""
"03/29/2024","CHECKING","PAYMENT 9100 03/28 ONE APPLE PARK001 ONE APPLE P","","Uncategorized Expense","","-40.32"
"03/27/2024","CHECKING","0327Synchrony Bank Orlando FL","","Financial Services","","-134.00"
"03/27/2024","CHECKING","TRANSFER TO X*XXXX GROCERIES","","Transfer Between Accounts","","-50.00"
"03/25/2024","CHECKING","0324APPLE.COM/BILL 866-712-7753 CA************7304","","Entertainment","","-13.15"
"03/25/2024","CHECKING","0322APPLE.COM/BILL 866-712-7753 CA************7304","","Entertainment","","-2.99"
"03/25/2024","CHECKING","0322EMF&K-LOVE 800-525-5683 CA************7304","","Contributions","","-15.00"
"03/22/2024","CHECKING","BLUECROSS BLUESHPAYROLL 24032224032268770PPD","","Healthcare - HSA Spending Account/Insurance","2610.56",""
"03/21/2024","CHECKING","0320APPLE.COM/BILL 866-712-7753 CA************7304","","Entertainment","","-8.76"
"03/20/2024","CHECKING","0319ATMOS ENERGY 888-286-6700 TX************7304","","Utilities/Gas/Electric","","-52.17"
"03/20/2024","CHECKING","VENMO PAYMENT 2403201033233609772WEB","","Uncategorized Expense","","-150.00"
"03/19/2024","CHECKING","CITY OF ALCOA BANK DRAFT240319142032002PPD","","Utilities","","-107.00"
"03/18/2024","CHECKING","0316SXM*SIRIUSXM.C 888-635-5144 NY************7304","","Entertainment","","-25.29"
"03/18/2024","CHECKING","0315SUPERNATURAL HTTPSGETSUPERCA************7304","","Entertainment","","-10.96"
"03/18/2024","CHECKING","168 MEDIA INC. IAT PAYPAL2403181033201592774IAT","","Uncategorized Expense","","-106.95"
"03/18/2024","CHECKING","PLANET FIT CLUB FEES 2403182407516518313PPD","","Personal Care","","-10.00"
"03/18/2024","CHECKING","PLANET FIT CLUB FEES 2403182407516517697PPD","","Personal Care","","-10.00"
"03/18/2024","CHECKING","PLANET FIT CLUB FEES 2403182407516507467PPD","","Personal Care","","-23.06"
"03/18/2024","CHECKING","PAYMENT 9100 03/16 ONE APPLE PARK001 ONE APPLE P","","Uncategorized Expense","","-2.99"
"03/15/2024","CHECKING","MOBILE DEPOSIT","","Utilities/Phone","66.52",""
"03/15/2024","CHECKING","MOBILE DEPOSIT","","Utilities/Phone","94.74",""
"03/15/2024","CHECKING","LOANDEPOT MSP ACH 2403151046254429PPD","","Miscellaneous","","-2323.19"
"03/15/2024","CHECKING","PAYMENT 9100 03/14 ONE APPLE PARK001 ONE APPLE P","","Uncategorized Expense","","-14.25"
"03/13/2024","CHECKING","0312ATT*BILL PAYME 800-288-2020 TX************7304","","Utilities/TV","","-112.68"
"03/13/2024","CHECKING","ALLY ALLY PAYMT240313670921023259WEB","","Transportation/Lease/Loan","","-849.84"
"03/12/2024","CHECKING","PAYMENT 9100 03/12 NETFLIX COM001 NETFLIX COM","","Entertainment","","-25.17"
"03/11/2024","CHECKING","0310APPLE.COM/BILL 866-712-7753 CA************7304","","Entertainment","","-24.10"
"03/11/2024","CHECKING","0311Knoxville TVA Employees KNOXVILLE TN","","Uncategorized Expense","","-547.00"
"03/11/2024","CHECKING","ELECTRICFUND BANK DRAFT240309UM393818PPD","","Utilities/Gas/Electric","","-101.39"
"03/08/2024","CHECKING","BLUECROSS BLUESHPAYROLL 24030824030868770PPD","","Medical","10166.67",""
"03/05/2024","CHECKING","MTN LAUREL ASSC INS PREM 24030511011278 DANNYPPD","","Insurance","","-116.92"
"03/04/2024","CHECKING","0303GOOGLE *YouTub g.co/helppay#CA************7304","","Entertainment","","-79.92"
"03/04/2024","CHECKING","PAYMENT 9100 03/03 ONE APPLE PARK001 ONE APPLE P","","Uncategorized Expense","","-5.48"
"03/01/2024","CHECKING","0301Knoxville TVA Employees KNOXVILLE TN","","Uncategorized Expense","","-478.00"
"03/01/2024","CHECKING","PLANET FIT CLUB FEES 2403012406002417271PPD","","Personal Care","","-39.00"
"03/01/2024","CHECKING","STATE FARM RO 27CPC-CLIENT24030111 J 1991793759PPD","","Insurance","","-365.27"
"02/29/2024","CHECKING","0228VZWRLSS*APOCC 800-922-0204 FL************7304","","Utilities/Phone","","-240.30"
"02/29/2024","CHECKING","TRANSFER FROM X*XXXX PAYING BACK DEBT","","Transfer Between Accounts","75.00",""
"02/29/2024","CHECKING","University HealtPR PAYMENT2402292000-000017938PPD","","Education","8963.50",""
"02/29/2024","CHECKING","PAYMENT 9100 02/28 ONE APPLE PARK001 ONE APPLE P","","Uncategorized Expense","","-40.32"
"02/28/2024","CHECKING","PAYMENT 9100 02/28 ONE APPLE PARK001 ONE APPLE P","","Uncategorized Expense","","-5.48"
"02/28/2024","CHECKING","TRANSFER FROM X*XXXX PAYING BACK DEBT","","Transfer Between Accounts","32.00",""
"02/27/2024","CHECKING","0227Synchrony Bank Orlando FL","","Financial Services","","-134.00"
"02/26/2024","CHECKING","CHECK","2452","Uncategorized Expense","","-274.00"
"02/26/2024","CHECKING","0222EMF&K-LOVE 800-525-5683 CA************7304","","Contributions","","-15.00"
"02/23/2024","CHECKING","TRANSFER TO X*XXXX CASH","","Transfer Between Accounts","","-250.00"
"02/23/2024","CHECKING","VENMO PAYMENT 2402231032694396774WEB","","Uncategorized Expense","","-150.00"
"02/23/2024","CHECKING","BLUECROSS BLUESHPAYROLL 24022324022368770PPD","","Medical","2610.57",""
"02/22/2024","CHECKING","0221APPLE.COM/BILL 866-712-7753 CA************7304","","Entertainment","","-19.71"
"02/22/2024","CHECKING","TRANSFER FROM X*XXXX PAYING BACK DEBT","","Transfer Between Accounts","46.00",""
"02/22/2024","CHECKING","PAYMENT 9100 02/22 ONE APPLE PARK001 ONE APPLE P","","Uncategorized Expense","","-2.99"
"02/21/2024","CHECKING","0220ATMOS ENERGY 888-286-6700 TX************7304","","Utilities/Gas/Electric","","-75.37"
"02/20/2024","CHECKING","0219DROPBOX*5HVWTZ DROPBOX.COM CA************7304","","Utilities/Internet","","-987.75"
"02/20/2024","CHECKING","0216APPLE.COM/BILL 866-712-7753 CA************7304","","Entertainment","","-2.99"
"02/20/2024","CHECKING","0216SXM*SIRIUSXM.C 888-635-5144 NY************7304","","Entertainment","","-25.29"
"02/20/2024","CHECKING","PLANET FIT CLUB FEES 2402202404716673698PPD","","Personal Care","","-10.00"
"02/20/2024","CHECKING","PLANET FIT CLUB FEES 2402202404716673048PPD","","Personal Care","","-10.00"
"02/20/2024","CHECKING","PLANET FIT CLUB FEES 2402202404716663087PPD","","Personal Care","","-23.06"
"02/20/2024","CHECKING","CITY OF ALCOA BANK DRAFT240217142032002PPD","","Utilities","","-137.00"
"02/20/2024","CHECKING","CHASE CREDIT CRDEPAY 2402177312320331WEB","","Transfer Between Accounts/Credit Card Payment","","-10000.00"
"02/16/2024","CHECKING","0215SUPERNATURAL HTTPSGETSUPERCA************7304","","Entertainment","","-10.96"
"02/16/2024","CHECKING","PAYMENT 9100 02/15 ONE APPLE PARK001 ONE APPLE P","","Uncategorized Expense","","-3.28"
"02/15/2024","CHECKING","TRANSFER FROM X*XXXX PAYING BACK","","Transfer Between Accounts","21.00",""
"02/15/2024","CHECKING","LOANDEPOT MSP ACH 2402151046254429PPD","","Miscellaneous","","-2323.19"
"02/13/2024","CHECKING","MOBILE DEPOSIT","","Utilities/Phone","50.00",""
"02/13/2024","CHECKING","ALLY ALLY PAYMT240213670921023259WEB","","Transportation/Lease/Loan","","-849.84"
"02/12/2024","CHECKING","0211ATT*BILL PAYME 800-288-2020 TX************7304","","Utilities/TV","","-112.68"
"02/12/2024","CHECKING","0212Knoxville TVA Employees KNOXVILLE TN","","Uncategorized Expense","","-547.00"
"02/12/2024","CHECKING","PAYMENT 9100 02/12 NETFLIX COM001 NETFLIX COM","","Entertainment","","-25.17"
"02/12/2024","CHECKING","VENMO PAYMENT 2402121032439870697WEB","","Uncategorized Expense","","-200.00"
"02/12/2024","CHECKING","ONLINE TRANSFER FROM CHECKING XXXXXXXXXXXX9965","","Transfer Between Accounts","869.00",""
"02/09/2024","CHECKING","TRANSFER FROM X*XXXX PAYING BACK WHAT HAL","","Transfer Between Accounts","600.00",""
"02/09/2024","CHECKING","BLUECROSS BLUESHPAYROLL 24020924020968770PPD","","Healthcare - HSA Spending Account/Insurance","2610.55",""
"02/07/2024","CHECKING","ELECTRICFUND BANK DRAFT240207UM393818PPD","","Utilities/Gas/Electric","","-102.58"
"02/06/2024","CHECKING","CHECK","2451","Uncategorized Expense","","-425.00"
"02/06/2024","CHECKING","ZELLE PMT SESHA RR LAKKAKULA 1TN0014L08KW","","Uncategorized Expense","50.00",""
"02/06/2024","CHECKING","ZELLE PMT SESHA RR LAKKAKULA 1TN000WGTXCD","","Uncategorized Expense","1.00",""
"02/05/2024","CHECKING","0203GOOGLE *YouTub g.co/helppay#CA************7304","","Entertainment","","-79.92"
"02/05/2024","CHECKING","MTN LAUREL ASSC INS PREM 24020311011278 DANNYPPD","","Insurance","","-116.92"
"02/02/2024","CHECKING","Beaver County BeaverCoun240202WEB","","Uncategorized Expense","","-17.67"
"02/01/2024","CHECKING","0131WASTE MGMT WM HOUSTON TX************7304","","Utilities/Other","43.76",""
"02/01/2024","CHECKING","0201Knoxville TVA Employees KNOXVILLE TN","","Uncategorized Expense","","-478.00"
"01/31/2024","CHECKING","0130WASTE MGMT WM 866-834-2080 TX************7304","","Utilities/Other","","-43.76"
"01/31/2024","CHECKING","MOBILE DEPOSIT","","Utilities/Phone","53.03",""
"01/31/2024","CHECKING","STATE FARM RO 27CPC-CLIENT24013111 J 1991793759PPD","","Insurance","","-364.28"
"01/31/2024","CHECKING","University HealtPR PAYMENT2401312000-000017938PPD","","Education","8963.49",""
"01/29/2024","CHECKING","0128VZWRLSS*APOCC 800-922-0204 FL************7304","","Utilities/Phone","","-240.30"
"01/29/2024","CHECKING","0129Synchrony Bank Orlando FL","","Financial Services","","-134.00"
"01/29/2024","CHECKING","PAYMENT 9100 01/28 ONE APPLE PARK001 ONE APPLE P","","Uncategorized Expense","","-40.32"
"01/26/2024","CHECKING","BLUECROSS BLUESHPAYROLL 24012624012668770PPD","","Medical","2611.45",""
"01/25/2024","CHECKING","VENMO PAYMENT 2401251032112791027WEB","","Uncategorized Expense","","-15.00"
"01/25/2024","CHECKING","VENMO PAYMENT 2401251032107947979WEB","","Uncategorized Expense","","-150.00"
"01/24/2024","CHECKING","0122EMF*K-LOVE 800-525-5683 CA************7304","","Contributions","","-15.00"
"01/23/2024","CHECKING","0122ATMOS ENERGY 888-286-6700 TX************7304","","Utilities/Gas/Electric","","-88.78"
"01/22/2024","CHECKING","TRANSFER TO X*XXXX FOR CREDIT CARD PAYM","","Transfer Between Accounts","","-260.00"
"01/22/2024","CHECKING","PAYPAL INST XFER 240122CLICKBANKWEB","","Uncategorized Expense","","-29.57"
"01/22/2024","CHECKING","PAYMENT 9100 01/22 ONE APPLE PARK001 ONE APPLE P","","Uncategorized Expense","","-2.99"
"01/19/2024","CHECKING","CITY OF ALCOA BANK DRAFT240119142032002PPD","","Utilities","","-110.00"
"01/18/2024","CHECKING","CHECK","2450","Uncategorized Expense","","-128.00"
"01/17/2024","CHECKING","0116APPLE.COM/BILL 866-712-7753 CA************7304","","Entertainment","","-2.99"
"01/17/2024","CHECKING","0116SXM*SIRIUSXM.C 888-635-5144 NY************7304","","Entertainment","","-25.29"
"01/17/2024","CHECKING","PLANET FIT CLUB FEES 2401172401613547651PPD","","Personal Care","","-10.00"
"01/17/2024","CHECKING","PLANET FIT CLUB FEES 2401172401613546529PPD","","Personal Care","","-10.00"
"01/17/2024","CHECKING","PLANET FIT CLUB FEES 2401172401613527210PPD","","Personal Care","","-23.06"
"01/16/2024","CHECKING","0115SUPERNATURAL HTTPSGETSUPERCA************7304","","Entertainment","","-10.96"
"01/16/2024","CHECKING","LOANDEPOT MSP ACH 2401161046254429PPD","","Miscellaneous","","-2323.19"
"01/16/2024","CHECKING","ALLY ALLY PAYMT240116670921023259WEB","","Transportation/Lease/Loan","","-849.84"
"01/16/2024","CHECKING","VENMO CASHOUT 2401161031899280108PPD","","Uncategorized Expense","2396.00",""
"01/12/2024","CHECKING","0111ATT*BILL PAYME 800-288-2020 TX************7304","","Utilities/TV","","-112.68"
"01/12/2024","CHECKING","PAYMENT 9100 01/12 NETFLIX COM001 NETFLIX COM","","Entertainment","","-25.17"
"01/12/2024","CHECKING","BLUECROSS BLUESHPAYROLL 24011224011268770PPD","","Healthcare - HSA Spending Account/Insurance","2611.44",""
"01/10/2024","CHECKING","0110Knoxville TVA Employees KNOXVILLE TN","","Uncategorized Expense","","-547.00"
"01/10/2024","CHECKING","CHASE CREDIT CRDEPAY 2401107226941090WEB","","Transfer Between Accounts/Credit Card Payment","","-10000.00"
"01/08/2024","CHECKING","MOBILE DEPOSIT","","Utilities/Phone","56.07",""
"01/08/2024","CHECKING","MOBILE DEPOSIT","","Utilities/Phone","59.80",""
"01/05/2024","CHECKING","ELECTRICFUND BANK DRAFT240105UM393818PPD","","Utilities/Gas/Electric","","-83.02"
"01/04/2024","CHECKING","0103GOOGLE *YouTub g.co/helppay#CA************7304","","Entertainment","","-79.92"
"01/03/2024","CHECKING","0102APPLE.COM/BILL 866-712-7753 CA************7304","","Entertainment","","-3.28"
"01/03/2024","CHECKING","MTN LAUREL ASSC INS PREM 24010311011278 DANNYPPD","","Insurance","","-116.87"
"01/02/2024","CHECKING","0101WASTE MGMT WM 866-834-2080 TX************7304","","Utilities/Other","","-44.08"
"01/02/2024","CHECKING","1228APPLE.COM/BILL 866-712-7753 CA************7304","","Entertainment","","-40.32"
"01/02/2024","CHECKING","MOBILE DEPOSIT","","Utilities/Phone","129.67",""
"01/02/2024","CHECKING","0102Knoxville TVA Employees KNOXVILLE TN","","Uncategorized Expense","","-478.00"
"01/02/2024","CHECKING","STATE FARM RO 27SFPP 24010211 S 0366600927PPD","","Insurance","","-358.03"
